Event,Time,Numbers,Station,type,location
Creation,0.020452320429083525,1,Source 1,2,[1.1712920449364619, -1.253199438686627]
Production started,0.020452320429083525,1,Ambulance 1,2,[0.0, 0.0]
Ambulance at Patient,0.060860511822801666,1,Ambulance 1,2,[0.0, 0.0]
Patient Processed,0.07419928002486895,1,Ambulance 1,2,[0.0, 0.0]
Production complete,0.11460747141858708,1,Ambulance 1,2,[0.0, 0.0]
Creation,0.4681579515852215,2,Source 1,2,[-0.1182903902858939, -0.4016520526686508]
Production started,0.4681579515852215,2,Ambulance 2,2,[0.0, 0.0]
Ambulance at Patient,0.47682365896779727,2,Ambulance 2,2,[0.0, 0.0]
Patient Processed,0.5410002416697993,2,Ambulance 2,2,[0.0, 0.0]
Production complete,0.5496659490523751,2,Ambulance 2,2,[0.0, 0.0]
Creation,0.6086408506523452,3,Source 1,1,[3.6715768814542917, 3.4869015082889114]
Production started,0.6086408506523452,3,Ambulance 11,1,[7.4983802049147, 4.3301270189222]
Ambulance at Patient,0.6864746645539068,3,Ambulance 11,1,[7.4983802049147, 4.3301270189222]
Patient Processed,0.7271064743223288,3,Ambulance 11,1,[7.4983802049147, 4.3301270189222]
Production complete,0.8464144474847155,3,Ambulance 11,1,[0.0, 0.0]
Creation,0.7502672184266316,4,Source 1,0,[-1.2059815671260052, -5.788556110460417]
Production started,0.7502672184266316,4,Ambulance 21,0,[0.0, -8.6602540378444]
Ambulance at Patient,0.8182285433351314,4,Ambulance 21,0,[0.0, -8.6602540378444]
Patient Processed,0.8439976577511108,4,Ambulance 21,0,[0.0, -8.6602540378444]
Production complete,0.9605732857108844,4,Ambulance 21,0,[0.0, 0.0]
Creation,0.8666419218994998,5,Source 1,1,[0.33200178059139185, -1.8955157018375894]
Production started,0.8666419218994998,5,Ambulance 3,1,[0.0, 0.0]
Ambulance at Patient,0.9037672132733162,5,Ambulance 3,1,[0.0, 0.0]
Patient Processed,0.9294289448939014,5,Ambulance 3,1,[0.0, 0.0]
Production complete,0.9665542362677177,5,Ambulance 3,1,[0.0, 0.0]
Creation,0.7313674323604238,6,Source 1,0,[-9.897526642391275, -1.215771692790295]
Production started,0.7313674323604238,6,Ambulance 26,0,[-7.4983802049147, -4.3301270189222]
Ambulance at Patient,0.8232591284205651,6,Ambulance 26,0,[-7.4983802049147, -4.3301270189222]
Patient Processed,0.8701031534977612,6,Ambulance 26,0,[-7.4983802049147, -4.3301270189222]
Production complete,1.055324792417454,6,Ambulance 26,0,[0.0, 0.0]
Creation,1.2341478733887392,7,Source 1,0,[3.0889772845707926, -3.5389647485059377]
Production started,1.2341478733887392,7,Ambulance 16,0,[7.4983802049147, -4.3301270189222]
Ambulance at Patient,1.3208239599014087,7,Ambulance 16,0,[7.4983802049147, -4.3301270189222]
Patient Processed,1.37130278085188,7,Ambulance 16,0,[7.4983802049147, -4.3301270189222]
Production complete,1.4817684814031589,7,Ambulance 16,0,[0.0, 0.0]
Creation,1.5378412840513294,8,Source 1,0,[-0.39284458908676084, -0.48496324763812887]
Production started,1.5378412840513294,8,Ambulance 4,0,[0.0, 0.0]
Ambulance at Patient,1.5524714146634109,8,Ambulance 4,0,[0.0, 0.0]
Patient Processed,1.62251705458393,8,Ambulance 4,0,[0.0, 0.0]
Production complete,1.6371471851960115,8,Ambulance 4,0,[0.0, 0.0]
Creation,1.5720055204941012,9,Source 1,0,[8.73659593321901, 1.00758214009963]
Production started,1.5720055204941012,9,Ambulance 11,0,[7.4983802049147, 4.3301270189222]
Ambulance at Patient,1.6480181972795493,9,Ambulance 11,0,[7.4983802049147, 4.3301270189222]
Patient Processed,1.6908733278366224,9,Ambulance 11,0,[7.4983802049147, 4.3301270189222]
Production complete,1.8532762957252664,9,Ambulance 11,0,[0.0, 0.0]
Creation,2.370641458827141,10,Source 1,0,[1.5246695470930114, -5.547873807508431]
Production started,2.370641458827141,10,Ambulance 22,0,[0.0, -8.6602540378444]
Ambulance at Patient,2.447925621784291,10,Ambulance 22,0,[0.0, -8.6602540378444]
Patient Processed,2.4703873328492323,10,Ambulance 22,0,[0.0, -8.6602540378444]
Production complete,2.588263055425923,10,Ambulance 22,0,[0.0, 0.0]
Creation,2.5881332635042877,11,Source 1,2,[10.687175539117336, -6.121930962453364]
Production started,2.5881332635042877,11,Ambulance 17,2,[7.4983802049147, -4.3301270189222]
Ambulance at Patient,2.6711432514665177,11,Ambulance 17,2,[7.4983802049147, -4.3301270189222]
Patient Processed,2.7024338244377546,11,Ambulance 17,2,[7.4983802049147, -4.3301270189222]
Production complete,2.982585599463933,11,Ambulance 17,2,[0.0, 0.0]
Creation,3.943027906366516,12,Source 1,1,[-6.1631765648494685, -8.027235537679358]
Production started,3.943027906366516,12,Ambulance 26,1,[-7.4983802049147, -4.3301270189222]
Ambulance at Patient,4.0268997756802225,12,Ambulance 26,1,[-7.4983802049147, -4.3301270189222]
Patient Processed,4.044314751868065,12,Ambulance 26,1,[-7.4983802049147, -4.3301270189222]
Production complete,4.280821620243545,12,Ambulance 26,1,[0.0, 0.0]
Creation,4.109421001914686,13,Source 1,0,[-2.7390735928730905, -4.994368061594893]
Production started,4.109421001914686,13,Ambulance 27,0,[-7.4983802049147, -4.3301270189222]
Ambulance at Patient,4.199813462826591,13,Ambulance 27,0,[-7.4983802049147, -4.3301270189222]
Patient Processed,4.219778276503326,13,Ambulance 27,0,[-7.4983802049147, -4.3301270189222]
Production complete,4.348668970744459,13,Ambulance 27,0,[0.0, 0.0]
Creation,4.250270788646931,14,Source 1,2,[-5.587785675387975, 3.2607764062047635]
Production started,4.250270788646931,14,Ambulance 31,2,[-7.4983802049147, 4.330127018922]
Ambulance at Patient,4.299936541017664,14,Ambulance 31,2,[-7.4983802049147, 4.330127018922]
Patient Processed,4.349424437402624,14,Ambulance 31,2,[-7.4983802049147, 4.330127018922]
Production complete,4.496900472095837,14,Ambulance 31,2,[0.0, 0.0]
Creation,4.721206007559012,15,Source 1,2,[-0.784315892603634, -0.30622227436372534]
Production started,4.721206007559012,15,Ambulance 5,2,[0.0, 0.0]
Ambulance at Patient,4.739381643675134,15,Ambulance 5,2,[0.0, 0.0]
Patient Processed,4.783695321523809,15,Ambulance 5,2,[0.0, 0.0]
Production complete,4.801870957639932,15,Ambulance 5,2,[0.0, 0.0]
Creation,5.240404418416553,16,Source 1,2,[-0.7359468198723838, 4.8337449199133715]
Production started,5.240404418416553,16,Ambulance 6,2,[0.0, 8.6602540378444]
Ambulance at Patient,5.316445350713276,16,Ambulance 6,2,[0.0, 8.6602540378444]
Patient Processed,5.4027756625672545,16,Ambulance 6,2,[0.0, 8.6602540378444]
Production complete,5.49560385823035,16,Ambulance 6,2,[0.0, 0.0]
Creation,6.018491460651626,17,Source 1,2,[1.0514413472401218, 0.5003021264975738]
Production started,6.018491460651626,17,Ambulance 1,2,[0.0, 0.0]
Ambulance at Patient,6.0443538518805875,17,Ambulance 1,2,[0.0, 0.0]
Patient Processed,6.123703757192103,17,Ambulance 1,2,[0.0, 0.0]
Production complete,6.149566148421065,17,Ambulance 1,2,[0.0, 0.0]
Creation,6.738352853872805,18,Source 1,1,[0.5452942210529664, 0.6295784748479327]
Production started,6.738352853872805,18,Ambulance 3,1,[0.0, 0.0]
Ambulance at Patient,6.7579340654711535,18,Ambulance 3,1,[0.0, 0.0]
Patient Processed,6.798609275207648,18,Ambulance 3,1,[0.0, 0.0]
Production complete,6.818190486805996,18,Ambulance 3,1,[0.0, 0.0]
Crew Change,6.833333333333333,0,Ambulance 1,3,[0.0, 0.0]
Crew Change,6.833333333333333,0,Ambulance 3,3,[0.0, 0.0]
Crew Change,6.833333333333333,0,Ambulance 4,3,[0.0, 0.0]
Crew Change,6.833333333333333,0,Ambulance 5,3,[0.0, 0.0]
Crew Change,6.833333333333333,0,Ambulance 6,3,[0.0, 8.6602540378444]
Crew Change,6.833333333333333,0,Ambulance 7,3,[0.0, 8.6602540378444]
Crew Change,6.833333333333333,0,Ambulance 8,3,[0.0, 8.6602540378444]
Crew Change,6.833333333333333,0,Ambulance 9,3,[0.0, 8.6602540378444]
Crew Change,6.833333333333333,0,Ambulance 10,3,[0.0, 8.6602540378444]
Crew Change,6.833333333333333,0,Ambulance 11,3,[7.4983802049147, 4.3301270189222]
Crew Change,6.833333333333333,0,Ambulance 12,3,[7.4983802049147, 4.3301270189222]
Crew Change,6.833333333333333,0,Ambulance 13,3,[7.4983802049147, 4.3301270189222]
Crew Change,6.833333333333333,0,Ambulance 14,3,[7.4983802049147, 4.3301270189222]
Crew Change,6.833333333333333,0,Ambulance 15,3,[7.4983802049147, 4.3301270189222]
Crew Change,6.833333333333333,0,Ambulance 16,3,[7.4983802049147, -4.3301270189222]
Crew Change,6.833333333333333,0,Ambulance 17,3,[7.4983802049147, -4.3301270189222]
Crew Change,6.833333333333333,0,Ambulance 19,3,[7.4983802049147, -4.3301270189222]
Crew Change,6.833333333333333,0,Ambulance 20,3,[7.4983802049147, -4.3301270189222]
Crew Change,6.833333333333333,0,Ambulance 21,3,[0.0, -8.6602540378444]
Crew Change,6.833333333333333,0,Ambulance 22,3,[0.0, -8.6602540378444]
Crew Change,6.833333333333333,0,Ambulance 23,3,[0.0, -8.6602540378444]
Crew Change,6.833333333333333,0,Ambulance 24,3,[0.0, -8.6602540378444]
Crew Change,6.833333333333333,0,Ambulance 25,3,[0.0, -8.6602540378444]
Crew Change,6.833333333333333,0,Ambulance 26,3,[-7.4983802049147, -4.3301270189222]
Crew Change,6.833333333333333,0,Ambulance 27,3,[-7.4983802049147, -4.3301270189222]
Crew Change,6.833333333333333,0,Ambulance 28,3,[-7.4983802049147, -4.3301270189222]
Crew Change,6.833333333333333,0,Ambulance 29,3,[-7.4983802049147, -4.3301270189222]
Crew Change,6.833333333333333,0,Ambulance 30,3,[-7.4983802049147, -4.3301270189222]
Crew Change,6.833333333333333,0,Ambulance 31,3,[-7.4983802049147, 4.330127018922]
Crew Change,6.833333333333333,0,Ambulance 32,3,[-7.4983802049147, 4.330127018922]
Crew Change,6.833333333333333,0,Ambulance 33,3,[-7.4983802049147, 4.330127018922]
Crew Change,6.833333333333333,0,Ambulance 34,3,[-7.4983802049147, 4.330127018922]
Crew Change,6.833333333333333,0,Ambulance 35,3,[-7.4983802049147, 4.330127018922]
Creation,6.638030011648176,19,Source 1,1,[5.892813567537325, -0.29443142724364774]
Production started,6.638030011648176,19,Ambulance 18,1,[7.4983802049147, -4.3301270189222]
Ambulance at Patient,6.732051048799108,19,Ambulance 18,1,[7.4983802049147, -4.3301270189222]
Patient Processed,6.779223143820537,19,Ambulance 18,1,[7.4983802049147, -4.3301270189222]
Production complete,6.882343893733553,19,Ambulance 18,1,[0.0, 0.0]
Crew Change,7.079485680797501,0,Ambulance 18,3,[0.0, 0.0]
Creation,6.663887455498071,20,Source 1,1,[1.9360499971331622, 3.9530002850665027]
Production started,6.663887455498071,20,Ambulance 2,1,[0.0, 0.0]
Ambulance at Patient,6.762038293534732,20,Ambulance 2,1,[0.0, 0.0]
Patient Processed,6.881647508875833,20,Ambulance 2,1,[0.0, 0.0]
Production complete,6.979798346912494,20,Ambulance 2,1,[0.0, 0.0]
Crew Change,6.979798346912494,0,Ambulance 2,3,[0.0, 0.0]
Creation,6.969030208581583,21,Source 1,0,[-1.3815312351564706, 1.491084022478664]
Production started,7.0,21,Ambulance 1,0,[0.0, 0.0]
Ambulance at Patient,7.047876920960586,21,Ambulance 1,0,[0.0, 0.0]
Patient Processed,7.075299432807552,21,Ambulance 1,0,[0.0, 0.0]
Production complete,7.123176353768137,21,Ambulance 1,0,[0.0, 0.0]
Creation,7.060460823194765,22,Source 1,0,[-1.2065876498163333, -0.15331350725919018]
Production started,7.060460823194765,22,Ambulance 3,0,[0.0, 0.0]
Ambulance at Patient,7.083125842479356,22,Ambulance 3,0,[0.0, 0.0]
Patient Processed,7.158211324284223,22,Ambulance 3,0,[0.0, 0.0]
Production complete,7.180876343568816,22,Ambulance 3,0,[0.0, 0.0]
Creation,7.009979123547734,23,Source 1,2,[-3.7216966548601387, 9.115405799460577]
Production started,7.009979123547734,23,Ambulance 6,2,[0.0, 8.6602540378444]
Ambulance at Patient,7.079593263822339,23,Ambulance 6,2,[0.0, 8.6602540378444]
Patient Processed,7.119729337349593,23,Ambulance 6,2,[0.0, 8.6602540378444]
Production complete,7.333681044921605,23,Ambulance 6,2,[0.0, 0.0]
Creation,7.26431376056633,24,Source 1,2,[0.8996290134232414, 1.1301328889696485]
Production started,7.26431376056633,24,Ambulance 4,2,[0.0, 0.0]
Ambulance at Patient,7.298143125606212,24,Ambulance 4,2,[0.0, 0.0]
Patient Processed,7.3334827187009015,24,Ambulance 4,2,[0.0, 0.0]
Production complete,7.367312083740783,24,Ambulance 4,2,[0.0, 0.0]
Creation,7.185523991514369,25,Source 1,0,[7.146444171311578, -0.8888861443906542]
Production started,7.185523991514369,25,Ambulance 16,0,[7.4983802049147, -4.3301270189222]
Ambulance at Patient,7.248743606649947,25,Ambulance 16,0,[7.4983802049147, -4.3301270189222]
Patient Processed,7.292849529213595,25,Ambulance 16,0,[7.4983802049147, -4.3301270189222]
Production complete,7.426771701141965,25,Ambulance 16,0,[0.0, 0.0]
Creation,7.301542934637343,26,Source 1,2,[-2.241491323486071, -0.8480792412433515]
Production started,7.301542934637343,26,Ambulance 5,2,[0.0, 0.0]
Ambulance at Patient,7.353035777382834,26,Ambulance 5,2,[0.0, 0.0]
Patient Processed,7.3890625824266785,26,Ambulance 5,2,[0.0, 0.0]
Production complete,7.440555425172168,26,Ambulance 5,2,[0.0, 0.0]
Creation,7.141943137073054,27,Source 1,1,[0.3628576167913605, -12.971563026754563]
Production started,7.141943137073054,27,Ambulance 21,1,[0.0, -8.6602540378444]
Ambulance at Patient,7.219845913834746,27,Ambulance 21,1,[0.0, -8.6602540378444]
Patient Processed,7.27703789969259,27,Ambulance 21,1,[0.0, -8.6602540378444]
Production complete,7.4992782437516885,27,Ambulance 21,1,[0.0, 0.0]
Creation,7.548915035330857,28,Source 1,1,[-5.676261041230083, 3.7249003929511875]
Production started,7.548915035330857,28,Ambulance 31,1,[-7.4983802049147, 4.330127018922]
Ambulance at Patient,7.589370798491781,28,Ambulance 31,1,[-7.4983802049147, 4.330127018922]
Patient Processed,7.641862883424988,28,Ambulance 31,1,[-7.4983802049147, 4.330127018922]
Production complete,7.7985489073280085,28,Ambulance 31,1,[0.0, 0.0]
Creation,7.5250350950173726,29,Source 1,1,[5.468866683726948, -6.332322344973538]
Production started,7.5250350950173726,29,Ambulance 17,1,[7.4983802049147, -4.3301270189222]
Ambulance at Patient,7.5922302424713575,29,Ambulance 17,1,[7.4983802049147, -4.3301270189222]
Patient Processed,7.664665853282559,29,Ambulance 17,1,[7.4983802049147, -4.3301270189222]
Production complete,7.8613523370942335,29,Ambulance 17,1,[0.0, 0.0]
Creation,8.396960260014986,30,Source 1,1,[7.679880905687711, 3.753856447286673]
Production started,8.396960260014986,30,Ambulance 11,1,[7.4983802049147, 4.3301270189222]
Ambulance at Patient,8.409589781221795,30,Ambulance 11,1,[7.4983802049147, 4.3301270189222]
Patient Processed,8.44263937127963,30,Ambulance 11,1,[7.4983802049147, 4.3301270189222]
Production complete,8.633201660495871,30,Ambulance 11,1,[0.0, 0.0]
Creation,8.542565946671946,31,Source 1,2,[-5.697655869582975, 5.160530518987066]
Production started,8.542565946671946,31,Ambulance 32,2,[-7.4983802049147, 4.330127018922]
Ambulance at Patient,8.586418077261893,31,Ambulance 32,2,[-7.4983802049147, 4.330127018922]
Patient Processed,8.617884024771241,31,Ambulance 32,2,[-7.4983802049147, 4.330127018922]
Production complete,8.798853797914074,31,Ambulance 32,2,[0.0, 0.0]
Creation,8.61084329044506,32,Source 1,2,[4.940527063248145, -3.8252617763692482]
Production started,8.61084329044506,32,Ambulance 19,2,[7.4983802049147, -4.3301270189222]
Ambulance at Patient,8.661888596848717,32,Ambulance 19,2,[7.4983802049147, -4.3301270189222]
Patient Processed,8.703467217866793,32,Ambulance 19,2,[7.4983802049147, -4.3301270189222]
Production complete,8.849563698527083,32,Ambulance 19,2,[0.0, 0.0]
Creation,8.547985451281162,33,Source 1,1,[8.788718537421381, 2.430459188853162]
Production started,8.547985451281162,33,Ambulance 12,1,[7.4983802049147, 4.3301270189222]
Ambulance at Patient,8.601152220657424,33,Ambulance 12,1,[7.4983802049147, 4.3301270189222]
Patient Processed,8.698594064775289,33,Ambulance 12,1,[7.4983802049147, 4.3301270189222]
Production complete,8.885580360213197,33,Ambulance 12,1,[0.0, 0.0]
Creation,8.605616802879041,34,Source 1,0,[8.631715656757041, -3.102437539736528]
Production started,8.605616802879041,34,Ambulance 16,0,[7.4983802049147, -4.3301270189222]
Ambulance at Patient,8.644967218396175,34,Ambulance 16,0,[7.4983802049147, -4.3301270189222]
Patient Processed,8.702571508668838,34,Ambulance 16,0,[7.4983802049147, -4.3301270189222]
Production complete,8.898140728610397,34,Ambulance 16,0,[0.0, 0.0]
Creation,8.773574160238871,35,Source 1,1,[4.514739870609164, 3.2270883217789805]
Production started,8.773574160238871,35,Ambulance 11,1,[5.339133773023354, 3.0832162115566466]
Ambulance at Patient,8.789711927116146,35,Ambulance 11,1,[5.339133773023354, 3.0832162115566466]
Patient Processed,8.849930627705184,35,Ambulance 11,1,[5.339133773023354, 3.0832162115566466]
Production complete,8.978961097578319,35,Ambulance 11,1,[0.0, 0.0]
Creation,8.868683581491,36,Source 1,2,[-0.9330866521160428, -1.7923925524833928]
Production started,8.868683581491,36,Ambulance 2,2,[0.0, 0.0]
Ambulance at Patient,8.91410823490099,36,Ambulance 2,2,[0.0, 0.0]
Patient Processed,8.944916833684427,36,Ambulance 2,2,[0.0, 0.0]
Production complete,8.990341487094419,36,Ambulance 2,2,[0.0, 0.0]
Creation,8.858974514829127,37,Source 1,2,[-1.838013225547241, -1.3729695826538053]
Production started,8.858974514829127,37,Ambulance 32,2,[-2.2867196261890936, 1.3205233887140897]
Ambulance at Patient,8.911344504362622,37,Ambulance 32,2,[-2.2867196261890936, 1.3205233887140897]
Patient Processed,9.02108679109944,37,Ambulance 32,2,[-2.2867196261890936, 1.3205233887140897]
Production complete,9.074603171236124,37,Ambulance 32,2,[0.0, 0.0]
Creation,9.024263272556547,38,Source 1,1,[-5.095544260570069, 1.131947313688773]
Production started,9.024263272556547,38,Ambulance 33,1,[-7.4983802049147, 4.330127018922]
Ambulance at Patient,9.117613533382846,38,Ambulance 33,1,[-7.4983802049147, 4.330127018922]
Patient Processed,9.135425467320296,38,Ambulance 33,1,[-7.4983802049147, 4.330127018922]
Production complete,9.239216993557944,38,Ambulance 33,1,[0.0, 0.0]
Creation,9.004490789637927,39,Source 1,2,[-8.621154793503834, -3.7967782797712686]
Production started,9.004490789637927,39,Ambulance 26,2,[-7.4983802049147, -4.3301270189222]
Ambulance at Patient,9.032092845100262,39,Ambulance 26,2,[-7.4983802049147, -4.3301270189222]
Patient Processed,9.083685960648292,39,Ambulance 26,2,[-7.4983802049147, -4.3301270189222]
Production complete,9.290651511869545,39,Ambulance 26,2,[0.0, 0.0]
Creation,9.109613907827093,40,Source 1,1,[-3.827842419850185, -9.169361861579752]
Production started,9.109613907827093,40,Ambulance 21,1,[0.0, -8.6602540378444]
Ambulance at Patient,9.181896411886852,40,Ambulance 21,1,[0.0, -8.6602540378444]
Patient Processed,9.252067466892683,40,Ambulance 21,1,[0.0, -8.6602540378444]
Production complete,9.468687538249847,40,Ambulance 21,1,[0.0, 0.0]
Creation,9.627545655819228,41,Source 1,0,[1.621542587107984, 6.397985935282336]
Production started,9.627545655819228,41,Ambulance 7,0,[0.0, 8.6602540378444]
Ambulance at Patient,9.692275833980394,41,Ambulance 7,0,[0.0, 8.6602540378444]
Patient Processed,9.70764383223422,41,Ambulance 7,0,[0.0, 8.6602540378444]
Production complete,9.841302640940727,41,Ambulance 7,0,[0.0, 0.0]
Creation,9.793078816802112,42,Source 1,1,[-0.1649487857845976, -0.2637625920696774]
Production started,9.793078816802112,42,Ambulance 4,1,[0.0, 0.0]
Ambulance at Patient,9.800224006433016,42,Ambulance 4,1,[0.0, 0.0]
Patient Processed,9.842665155177798,42,Ambulance 4,1,[0.0, 0.0]
Production complete,9.849810344808702,42,Ambulance 4,1,[0.0, 0.0]
Creation,9.757030656861556,43,Source 1,0,[1.6749357523201454, 3.0757021336309154]
Production started,9.757030656861556,43,Ambulance 3,0,[0.0, 0.0]
Ambulance at Patient,9.83620795496074,43,Ambulance 3,0,[0.0, 0.0]
Patient Processed,9.850897212240916,43,Ambulance 3,0,[0.0, 0.0]
Production complete,9.930074510340102,43,Ambulance 3,0,[0.0, 0.0]
Creation,9.747621635464284,44,Source 1,0,[4.331473519367409, 0.6063482904089507]
Production started,9.747621635464284,44,Ambulance 1,0,[0.0, 0.0]
Ambulance at Patient,9.829918665627224,44,Ambulance 1,0,[0.0, 0.0]
Patient Processed,9.86858358080073,44,Ambulance 1,0,[0.0, 0.0]
Production complete,9.950880610963669,44,Ambulance 1,0,[0.0, 0.0]
Creation,9.829315568079966,45,Source 1,0,[1.7094816235567805, 9.688617975937758]
Production started,9.829315568079966,45,Ambulance 8,0,[0.0, 8.6602540378444]
Ambulance at Patient,9.874946327440803,45,Ambulance 8,0,[0.0, 8.6602540378444]
Patient Processed,9.942189075230518,45,Ambulance 8,0,[0.0, 8.6602540378444]
Production complete,10.13215740188876,45,Ambulance 8,0,[0.0, 0.0]
Creation,9.923287923795586,46,Source 1,1,[4.075338951881896, 3.0997911591688387]
Production started,9.923287923795586,46,Ambulance 11,1,[7.4983802049147, 4.3301270189222]
Ambulance at Patient,10.000844209008688,46,Ambulance 11,1,[7.4983802049147, 4.3301270189222]
Patient Processed,10.027746633191684,46,Ambulance 11,1,[7.4983802049147, 4.3301270189222]
Production complete,10.14733213504253,46,Ambulance 11,1,[0.0, 0.0]
Creation,9.903630783266138,47,Source 1,1,[3.7463828906836514, 3.975476769308405]
Production started,9.903630783266138,47,Ambulance 7,1,[0.0, 3.7396885395246575]
Ambulance at Patient,9.970000301940594,47,Ambulance 7,1,[0.0, 3.7396885395246575]
Patient Processed,10.091161469380095,47,Ambulance 7,1,[0.0, 3.7396885395246575]
Production complete,10.219859130379962,47,Ambulance 7,1,[0.0, 0.0]
Creation,10.015993785170078,48,Source 1,2,[1.9183400103836274, -4.3559169582527915]
Production started,10.015993785170078,48,Ambulance 16,2,[7.4983802049147, -4.3301270189222]
Ambulance at Patient,10.109424287401106,48,Ambulance 16,2,[7.4983802049147, -4.3301270189222]
Patient Processed,10.157784088842615,48,Ambulance 16,2,[7.4983802049147, -4.3301270189222]
Production complete,10.262355038319889,48,Ambulance 16,2,[0.0, 0.0]
Creation,10.176441750789492,49,Source 1,0,[-0.9701851046720104, 4.160420300677723]
Production started,10.176441750789492,49,Ambulance 8,0,[0.0, 2.657060934043898]
Ambulance at Patient,10.217667491977922,49,Ambulance 8,0,[0.0, 2.657060934043898]
Patient Processed,10.260158370902237,49,Ambulance 8,0,[0.0, 2.657060934043898]
Production complete,10.3456684609914,49,Ambulance 8,0,[0.0, 0.0]
Creation,10.027267557627622,50,Source 1,2,[8.574697278350556, 5.772891876419559]
Production started,10.027267557627622,50,Ambulance 12,2,[7.4983802049147, 4.3301270189222]
Ambulance at Patient,10.06925225647651,50,Ambulance 12,2,[7.4983802049147, 4.3301270189222]
Patient Processed,10.127351502611866,50,Ambulance 12,2,[7.4983802049147, 4.3301270189222]
Production complete,10.3664779885247,50,Ambulance 12,2,[0.0, 0.0]
Creation,10.192275773949822,51,Source 1,1,[-1.862377417863779, -8.162855453912007]
Production started,10.192275773949822,51,Ambulance 22,1,[0.0, -8.6602540378444]
Ambulance at Patient,10.231605373979757,51,Ambulance 22,1,[0.0, -8.6602540378444]
Patient Processed,10.272978183412443,51,Ambulance 22,1,[0.0, -8.6602540378444]
Production complete,10.440065397942039,51,Ambulance 22,1,[0.0, 0.0]
Creation,10.327938174417206,52,Source 1,2,[-1.2962230804997126, -1.3247785424307408]
Production started,10.327938174417206,52,Ambulance 5,2,[0.0, 0.0]
Ambulance at Patient,10.37162153479938,52,Ambulance 5,2,[0.0, 0.0]
Patient Processed,10.438623062772066,52,Ambulance 5,2,[0.0, 0.0]
Production complete,10.48230642315424,52,Ambulance 5,2,[0.0, 0.0]
Creation,10.36447344849731,53,Source 1,2,[1.4302630569922168, -1.881264278631738]
Production started,10.36447344849731,53,Ambulance 16,2,[3.884121559592821, -2.242983051052482]
Ambulance at Patient,10.411399736414333,53,Ambulance 16,2,[3.884121559592821, -2.242983051052482]
Patient Processed,10.452177486867283,53,Ambulance 16,2,[3.884121559592821, -2.242983051052482]
Production complete,10.507369609127682,53,Ambulance 16,2,[0.0, 0.0]
Creation,10.395576635098482,54,Source 1,0,[-3.0983422268658525, 0.7270220186304609]
Production started,10.395576635098482,54,Ambulance 2,0,[0.0, 0.0]
Ambulance at Patient,10.459332705856754,54,Ambulance 2,0,[0.0, 0.0]
Patient Processed,10.507925698483437,54,Ambulance 2,0,[0.0, 0.0]
Production complete,10.571681769241708,54,Ambulance 2,0,[0.0, 0.0]
Creation,10.630435319395575,55,Source 1,0,[-1.6126153312068259, -0.45232708453032067]
Production started,10.630435319395575,55,Ambulance 3,0,[0.0, 0.0]
Ambulance at Patient,10.664851026324527,55,Ambulance 3,0,[0.0, 0.0]
Patient Processed,10.687727003909268,55,Ambulance 3,0,[0.0, 0.0]
Production complete,10.722142710838222,55,Ambulance 3,0,[0.0, 0.0]
Crew Change,10.833333333333334,0,Ambulance 6,3,[0.0, 8.6602540378444]
Crew Change,10.833333333333334,0,Ambulance 7,3,[0.0, 8.6602540378444]
Crew Change,10.833333333333334,0,Ambulance 9,3,[0.0, 8.6602540378444]
Crew Change,10.833333333333334,0,Ambulance 10,3,[0.0, 8.6602540378444]
Crew Change,10.833333333333334,0,Ambulance 15,3,[7.4983802049147, 4.3301270189222]
Crew Change,10.833333333333334,0,Ambulance 28,3,[-7.4983802049147, -4.3301270189222]
Crew Change,10.833333333333334,0,Ambulance 2,3,[0.0, 0.0]
Creation,10.62688382915158,56,Source 1,0,[-4.685551604901013, 0.5656566970609164]
Production started,10.62688382915158,56,Ambulance 4,0,[0.0, 0.0]
Ambulance at Patient,10.714403967517613,56,Ambulance 4,0,[0.0, 0.0]
Patient Processed,10.761603555298656,56,Ambulance 4,0,[0.0, 0.0]
Production complete,10.849123693664689,56,Ambulance 4,0,[0.0, 0.0]
Creation,10.653119726950168,57,Source 1,0,[3.5689229160310747, -0.5903341830080227]
Production started,10.653119726950168,57,Ambulance 1,0,[0.0, 0.0]
Ambulance at Patient,10.722440678600819,57,Ambulance 1,0,[0.0, 0.0]
Patient Processed,10.785225939974692,57,Ambulance 1,0,[0.0, 0.0]
Production complete,10.854546891625343,57,Ambulance 1,0,[0.0, 0.0]
Crew Change,10.854546891625343,0,Ambulance 1,3,[0.0, 0.0]
Creation,10.65070767291288,58,Source 1,1,[7.172682740174271, -3.2520662624064354]
Production started,10.65070767291288,58,Ambulance 19,1,[7.4983802049147, -4.3301270189222]
Ambulance at Patient,10.67410364326715,58,Ambulance 19,1,[7.4983802049147, -4.3301270189222]
Patient Processed,10.7077323239964,58,Ambulance 19,1,[7.4983802049147, -4.3301270189222]
Production complete,10.881478140706077,58,Ambulance 19,1,[0.0, 0.0]
Crew Change,11.078619927770026,0,Ambulance 19,3,[0.0, 0.0]
Creation,10.553362344038232,59,Source 1,1,[8.140431795069182, 7.693427624007263]
Production started,10.553362344038232,59,Ambulance 11,1,[7.4983802049147, 4.3301270189222]
Ambulance at Patient,10.620118213958891,59,Ambulance 11,1,[7.4983802049147, 4.3301270189222]
Patient Processed,10.659351123449627,59,Ambulance 11,1,[7.4983802049147, 4.3301270189222]
Production complete,10.923248780434234,59,Ambulance 11,1,[0.0, 0.0]
Creation,10.637435087917655,60,Source 1,1,[5.11617309626242, 0.8127823089803746]
Production started,10.637435087917655,60,Ambulance 16,1,[4.947101403646747, -2.8568273237516375]
Ambulance at Patient,10.701413110006783,60,Ambulance 16,1,[4.947101403646747, -2.8568273237516375]
Patient Processed,10.828003888373557,60,Ambulance 16,1,[4.947101403646747, -2.8568273237516375]
Production complete,10.926819811794271,60,Ambulance 16,1,[0.0, 0.0]
Creation,10.638828428721576,61,Source 1,1,[9.623309809338316, 5.094636084177743]
Production started,10.638828428721576,61,Ambulance 13,1,[7.4983802049147, 4.3301270189222]
Ambulance at Patient,10.686985739882894,61,Ambulance 13,1,[7.4983802049147, 4.3301270189222]
Patient Processed,10.702453780574986,61,Ambulance 13,1,[7.4983802049147, 4.3301270189222]
Production complete,10.947752878800255,61,Ambulance 13,1,[0.0, 0.0]
Creation,10.754248436160642,62,Source 1,0,[-4.621147710239054, -3.2838474780422144]
Production started,10.754248436160642,62,Ambulance 27,0,[-7.4983802049147, -4.3301270189222]
Ambulance at Patient,10.819640303419902,62,Ambulance 27,0,[-7.4983802049147, -4.3301270189222]
Patient Processed,10.882500049854444,62,Ambulance 27,0,[-7.4983802049147, -4.3301270189222]
Production complete,11.014249969659133,62,Ambulance 27,0,[0.0, 0.0]
Creation,10.825648995617009,63,Source 1,0,[-2.699159952752084, 6.472739118946916]
Production started,10.825648995617009,63,Ambulance 8,0,[0.0, 8.6602540378444]
Ambulance at Patient,10.907093576811167,63,Ambulance 8,0,[0.0, 8.6602540378444]
Patient Processed,10.94028957612013,63,Ambulance 8,0,[0.0, 8.6602540378444]
Production complete,11.093154560648447,63,Ambulance 8,0,[0.0, 0.0]
Crew Change,11.237492127945854,0,Ambulance 8,3,[0.0, 0.0]
Creation,10.89908509124287,64,Source 1,0,[-10.049996931053562, -8.273799705664903]
Production started,10.89908509124287,64,Ambulance 29,0,[-7.4983802049147, -4.3301270189222]
Ambulance at Patient,11.007339914790897,64,Ambulance 29,0,[-7.4983802049147, -4.3301270189222]
Patient Processed,11.04565664414157,64,Ambulance 29,0,[-7.4983802049147, -4.3301270189222]
Production complete,11.351053254753543,64,Ambulance 29,0,[0.0, 0.0]
Creation,11.196740383405094,65,Source 1,0,[-0.48285919527801474, 5.349781070796227]
Production started,11.196740383405094,65,Ambulance 7,0,[0.0, 8.6602540378444]
Ambulance at Patient,11.25996258611053,65,Ambulance 7,0,[0.0, 8.6602540378444]
Patient Processed,11.269884456337243,65,Ambulance 7,0,[0.0, 8.6602540378444]
Production complete,11.36709512743848,65,Ambulance 7,0,[0.0, 0.0]
Creation,11.352818859659292,66,Source 1,2,[-0.014256014479743473, 0.05190426304706234]
Production started,11.352818859659292,66,Ambulance 5,2,[0.0, 0.0]
Ambulance at Patient,11.353921530951405,66,Ambulance 5,2,[0.0, 0.0]
Patient Processed,11.382449417478941,66,Ambulance 5,2,[0.0, 0.0]
Production complete,11.383552088771054,66,Ambulance 5,2,[0.0, 0.0]
Creation,11.551978030523326,67,Source 1,0,[-3.5472627793990084, -1.5340469084356294]
Production started,11.551978030523326,67,Ambulance 2,0,[0.0, 0.0]
Ambulance at Patient,11.636666525320571,67,Ambulance 2,0,[0.0, 0.0]
Patient Processed,11.676570812013011,67,Ambulance 2,0,[0.0, 0.0]
Production complete,11.761259306810254,67,Ambulance 2,0,[0.0, 0.0]
Creation,11.60593427153712,68,Source 1,0,[-2.0292480106821618, 3.6286700137859143]
Production started,11.60593427153712,68,Ambulance 3,0,[0.0, 0.0]
Ambulance at Patient,11.700232905278254,68,Ambulance 3,0,[0.0, 0.0]
Patient Processed,11.788927879380262,68,Ambulance 3,0,[0.0, 0.0]
Production complete,11.883226513121397,68,Ambulance 3,0,[0.0, 0.0]
Creation,11.711055587160864,69,Source 1,1,[-7.727408103149776, -1.26460281482592]
Production started,11.711055587160864,69,Ambulance 29,1,[-7.4983802049147, -4.3301270189222]
Ambulance at Patient,11.765964788866386,69,Ambulance 29,1,[-7.4983802049147, -4.3301270189222]
Patient Processed,11.791466594907972,69,Ambulance 29,1,[-7.4983802049147, -4.3301270189222]
Production complete,11.9413334435409,69,Ambulance 29,1,[0.0, 0.0]
Creation,11.969662720158915,70,Source 1,0,[0.7067512557048484, -1.2555753632408102]
Production started,11.969662720158915,70,Ambulance 4,0,[0.0, 0.0]
Ambulance at Patient,12.00236816380801,70,Ambulance 4,0,[0.0, 0.0]
Patient Processed,12.048382963475634,70,Ambulance 4,0,[0.0, 0.0]
Production complete,12.081088407124728,70,Ambulance 4,0,[0.0, 0.0]
Creation,11.827649260606043,71,Source 1,1,[0.4961156713796887, 8.178257547018472]
Production started,11.827649260606043,71,Ambulance 9,1,[0.0, 8.6602540378444]
Ambulance at Patient,11.843951129976137,71,Ambulance 9,1,[0.0, 8.6602540378444]
Patient Processed,11.982533904568808,71,Ambulance 9,1,[0.0, 8.6602540378444]
Production complete,12.127106791542111,71,Ambulance 9,1,[0.0, 0.0]
Creation,11.824428666504742,72,Source 1,2,[-5.559472670678871, -1.318530315623883]
Production started,11.824428666504742,72,Ambulance 27,2,[-7.4983802049147, -4.3301270189222]
Ambulance at Patient,11.906937070463645,72,Ambulance 27,2,[-7.4983802049147, -4.3301270189222]
Patient Processed,12.014883985551707,72,Ambulance 27,2,[-7.4983802049147, -4.3301270189222]
Production complete,12.129517368656753,72,Ambulance 27,2,[0.0, 0.0]
Creation,12.021664648790066,73,Source 1,2,[3.4674667838255377, 8.740867329146088]
Production started,12.021664648790066,73,Ambulance 10,2,[0.0, 8.6602540378444]
Ambulance at Patient,12.080799316708854,73,Ambulance 10,2,[0.0, 8.6602540378444]
Patient Processed,12.123787069565191,73,Ambulance 10,2,[0.0, 8.6602540378444]
Production complete,12.327259304781384,73,Ambulance 10,2,[0.0, 0.0]
Creation,12.019037787254796,74,Source 1,2,[2.260702524685571, -12.023709868905112]
Production started,12.019037787254796,74,Ambulance 22,2,[0.0, -8.6602540378444]
Ambulance at Patient,12.112773759850567,74,Ambulance 22,2,[0.0, -8.6602540378444]
Patient Processed,12.137499051759539,74,Ambulance 22,2,[0.0, -8.6602540378444]
Production complete,12.375572591652716,74,Ambulance 22,2,[0.0, 0.0]
Creation,12.254371682827754,75,Source 1,2,[1.6109755643841204, -1.3700900114999122]
Production started,12.254371682827754,75,Ambulance 2,2,[0.0, 0.0]
Ambulance at Patient,12.304056109092489,75,Ambulance 2,2,[0.0, 0.0]
Patient Processed,12.4144432380277,75,Ambulance 2,2,[0.0, 0.0]
Production complete,12.464127664292432,75,Ambulance 2,2,[0.0, 0.0]
Creation,12.283700014335324,76,Source 1,2,[1.0794425363332933, -2.6139656842506125]
Production started,12.283700014335324,76,Ambulance 1,2,[0.0, 0.0]
Ambulance at Patient,12.345256818011721,76,Ambulance 1,2,[0.0, 0.0]
Patient Processed,12.40735868463989,76,Ambulance 1,2,[0.0, 0.0]
Production complete,12.468915488316288,76,Ambulance 1,2,[0.0, 0.0]
Creation,12.23765910997895,77,Source 1,1,[-1.5237432879101467, 5.489460028514325]
Production started,12.23765910997895,77,Ambulance 9,1,[0.0, 6.63313910621028]
Ambulance at Patient,12.282116149405718,77,Ambulance 9,1,[0.0, 6.63313910621028]
Patient Processed,12.357202301722818,77,Ambulance 9,1,[0.0, 6.63313910621028]
Production complete,12.474089023663225,77,Ambulance 9,1,[0.0, 0.0]
Creation,12.239437119365807,78,Source 1,2,[7.645375836999153, -0.5485231531145691]
Production started,12.239437119365807,78,Ambulance 20,2,[7.4983802049147, -4.3301270189222]
Ambulance at Patient,12.304913777664009,78,Ambulance 20,2,[7.4983802049147, -4.3301270189222]
Patient Processed,12.346145224373654,78,Ambulance 20,2,[7.4983802049147, -4.3301270189222]
Production complete,12.482710207542215,78,Ambulance 20,2,[0.0, 0.0]
Creation,12.338880563645342,79,Source 1,1,[2.3345817700307285, 1.5383577759919822]
Production started,12.338880563645342,79,Ambulance 10,1,[0.0, 0.6972755318374624]
Ambulance at Patient,12.391808297215096,79,Ambulance 10,1,[0.0, 0.6972755318374624]
Patient Processed,12.442460188291982,79,Ambulance 10,1,[0.0, 0.6972755318374624]
Production complete,12.507009180725694,79,Ambulance 10,1,[0.0, 0.0]
Creation,12.180857380647128,80,Source 1,1,[3.0022583702760186, 10.37015351624966]
Production started,12.180857380647128,80,Ambulance 6,1,[0.0, 8.6602540378444]
Ambulance at Patient,12.259393344791816,80,Ambulance 6,1,[0.0, 8.6602540378444]
Patient Processed,12.320442805624342,80,Ambulance 6,1,[0.0, 8.6602540378444]
Production complete,12.543316337066436,80,Ambulance 6,1,[0.0, 0.0]
Creation,12.211036816787175,81,Source 1,2,[-9.335030313221575, 0.9675400597793165]
Production started,12.211036816787175,81,Ambulance 32,2,[-7.4983802049147, 4.330127018922]
Ambulance at Patient,12.297690767911334,81,Ambulance 32,2,[-7.4983802049147, 4.330127018922]
Patient Processed,12.374507780500753,81,Ambulance 32,2,[-7.4983802049147, 4.330127018922]
Production complete,12.546217286717434,81,Ambulance 32,2,[0.0, 0.0]
Creation,12.535958209115908,82,Source 1,0,[-2.8662845686412317, -2.902116929221116]
Production started,12.535958209115908,82,Ambulance 5,0,[0.0, 0.0]
Ambulance at Patient,12.63209823408028,82,Ambulance 5,0,[0.0, 0.0]
Patient Processed,12.661839637653486,82,Ambulance 5,0,[0.0, 0.0]
Production complete,12.757979662617858,82,Ambulance 5,0,[0.0, 0.0]
Creation,12.666475899012243,83,Source 1,0,[-0.9202937549521736, 3.7059275716722624]
Production started,12.666475899012243,83,Ambulance 6,0,[0.0, 7.389573716748394]
Ambulance at Patient,12.74320823067938,83,Ambulance 6,0,[0.0, 7.389573716748394]
Patient Processed,12.78232098127401,83,Ambulance 6,0,[0.0, 7.389573716748394]
Production complete,12.859424670051084,83,Ambulance 6,0,[0.0, 0.0]
Creation,12.846075226394843,84,Source 1,1,[0.13393158619676754, 2.7843758144815154]
Production started,12.846075226394843,84,Ambulance 2,1,[0.0, 0.0]
Ambulance at Patient,12.894713683072814,84,Ambulance 2,1,[0.0, 0.0]
Patient Processed,12.929618602867576,84,Ambulance 2,1,[0.0, 0.0]
Production complete,12.978257059545546,84,Ambulance 2,1,[0.0, 0.0]
Creation,12.784637856623545,85,Source 1,1,[-1.862102735832548, 5.843606739836607]
Production started,12.784637856623545,85,Ambulance 10,1,[0.0, 8.6602540378444]
Ambulance at Patient,12.862617023854218,85,Ambulance 10,1,[0.0, 8.6602540378444]
Patient Processed,12.922983769591571,85,Ambulance 10,1,[0.0, 8.6602540378444]
Production complete,13.051412260852723,85,Ambulance 10,1,[0.0, 0.0]
Creation,13.10884951857457,86,Source 1,0,[-0.23556050743873969, -1.2352772070166724]
Production started,13.10884951857457,86,Ambulance 3,0,[0.0, 0.0]
Ambulance at Patient,13.13336348048216,86,Ambulance 3,0,[0.0, 0.0]
Patient Processed,13.16152831295905,86,Ambulance 3,0,[0.0, 0.0]
Production complete,13.18604227486664,86,Ambulance 3,0,[0.0, 0.0]
Creation,12.881015706503126,87,Source 1,1,[5.814861126906625, -6.322070573563432]
Production started,12.881015706503126,87,Ambulance 20,1,[7.4983802049147, -4.3301270189222]
Ambulance at Patient,12.94227341704728,87,Ambulance 20,1,[7.4983802049147, -4.3301270189222]
Patient Processed,13.006349087135895,87,Ambulance 20,1,[7.4983802049147, -4.3301270189222]
Production complete,13.20863128214373,87,Ambulance 20,1,[0.0, 0.0]
Creation,13.026802252192763,88,Source 1,1,[1.3681576403476994, 9.24606445558655]
Production started,13.026802252192763,88,Ambulance 6,1,[0.0, 8.6602540378444]
Ambulance at Patient,13.05936838649426,88,Ambulance 6,1,[0.0, 8.6602540378444]
Patient Processed,13.122713142630039,88,Ambulance 6,1,[0.0, 8.6602540378444]
Production complete,13.299616844228943,88,Ambulance 6,1,[0.0, 0.0]
Creation,13.08699647668796,89,Source 1,1,[2.2027517472488243, -12.67838387929606]
Production started,13.08699647668796,89,Ambulance 23,1,[0.0, -8.6602540378444]
Ambulance at Patient,13.190677836499635,89,Ambulance 23,1,[0.0, -8.6602540378444]
Patient Processed,13.20786812326228,89,Ambulance 23,1,[0.0, -8.6602540378444]
Production complete,13.455887050371363,89,Ambulance 23,1,[0.0, 0.0]
Creation,13.109125106771682,90,Source 1,0,[-8.195456398234235, -7.568667510410494]
Production started,13.109125106771682,90,Ambulance 27,0,[-7.4983802049147, -4.3301270189222]
Ambulance at Patient,13.174718718185146,90,Ambulance 27,0,[-7.4983802049147, -4.3301270189222]
Patient Processed,13.271201522798027,90,Ambulance 27,0,[-7.4983802049147, -4.3301270189222]
Production complete,13.53393692127544,90,Ambulance 27,0,[0.0, 0.0]
Creation,13.247134372370203,91,Source 1,1,[1.4137153017852735, -10.163294217050593]
Production started,13.247134372370203,91,Ambulance 24,1,[0.0, -8.6602540378444]
Ambulance at Patient,13.295746963720061,91,Ambulance 24,1,[0.0, -8.6602540378444]
Patient Processed,13.358188764817347,91,Ambulance 24,1,[0.0, -8.6602540378444]
Production complete,13.551138923464611,91,Ambulance 24,1,[0.0, 0.0]
Creation,13.290722767153161,92,Source 1,0,[2.0620419021710834, -8.066851933293547]
Production started,13.290722767153161,92,Ambulance 25,0,[0.0, -8.6602540378444]
Ambulance at Patient,13.334980167265194,92,Ambulance 25,0,[0.0, -8.6602540378444]
Patient Processed,13.390239858700188,92,Ambulance 25,0,[0.0, -8.6602540378444]
Production complete,13.559054755957932,92,Ambulance 25,0,[0.0, 0.0]
Creation,13.41746738114636,93,Source 1,2,[-2.7591429744721165, -11.65985834465055]
Production started,13.41746738114636,93,Ambulance 21,2,[0.0, -8.6602540378444]
Ambulance at Patient,13.513446502500997,93,Ambulance 21,2,[0.0, -8.6602540378444]
Patient Processed,13.554483884952697,93,Ambulance 21,2,[0.0, -8.6602540378444]
Production complete,13.794800573604741,93,Ambulance 21,2,[0.0, 0.0]
Creation,13.434397767877723,94,Source 1,2,[3.375517797335463, -7.850720490034071]
Production started,13.434397767877723,94,Ambulance 22,2,[0.0, -8.6602540378444]
Ambulance at Patient,13.504148623630153,94,Ambulance 22,2,[0.0, -8.6602540378444]
Patient Processed,13.608941531832425,94,Ambulance 22,2,[0.0, -8.6602540378444]
Production complete,13.796045503288584,94,Ambulance 22,2,[0.0, 0.0]
Creation,13.780925529359928,95,Source 1,0,[-0.028879655672157372, -0.006768808337585103]
Production started,13.780925529359928,95,Ambulance 4,0,[0.0, 0.0]
Ambulance at Patient,13.781519670426757,95,Ambulance 4,0,[0.0, 0.0]
Patient Processed,13.84249438853079,95,Ambulance 4,0,[0.0, 0.0]
Production complete,13.843088529597619,95,Ambulance 4,0,[0.0, 0.0]
Creation,13.893526345288297,96,Source 1,0,[7.270399249487555, 2.0970380094385073]
Production started,13.893526345288297,96,Ambulance 15,0,[7.4983802049147, 4.3301270189222]
Ambulance at Patient,13.934544178036811,96,Ambulance 15,0,[7.4983802049147, 4.3301270189222]
Patient Processed,14.004535179124776,96,Ambulance 15,0,[7.4983802049147, 4.3301270189222]
Production complete,14.16065913344021,96,Ambulance 15,0,[0.0, 0.0]
Creation,13.815684565391432,97,Source 1,0,[11.866507042291511, 5.017065666172947]
Production started,13.815684565391432,97,Ambulance 14,0,[7.4983802049147, 4.3301270189222]
Ambulance at Patient,13.899935656801892,97,Ambulance 14,0,[7.4983802049147, 4.3301270189222]
Patient Processed,13.952880587775036,97,Ambulance 14,0,[7.4983802049147, 4.3301270189222]
Production complete,14.234273466249444,97,Ambulance 14,0,[0.0, 0.0]
Creation,14.02880381715032,98,Source 1,2,[6.71694012663232, 3.380756377795675]
Production started,14.02880381715032,98,Ambulance 12,2,[7.4983802049147, 4.3301270189222]
Ambulance at Patient,14.057650662473803,98,Ambulance 12,2,[7.4983802049147, 4.3301270189222]
Patient Processed,14.107857296878489,98,Ambulance 12,2,[7.4983802049147, 4.3301270189222]
Production complete,14.276152238618955,98,Ambulance 12,2,[0.0, 0.0]
Creation,14.349141163547868,99,Source 1,0,[-0.08240652690281476, -0.051586987985559905]
Production started,14.349141163547868,99,Ambulance 2,0,[0.0, 0.0]
Ambulance at Patient,14.351374388796007,99,Ambulance 2,0,[0.0, 0.0]
Patient Processed,14.414306772036838,99,Ambulance 2,0,[0.0, 0.0]
Production complete,14.416539997284977,99,Ambulance 2,0,[0.0, 0.0]
Creation,14.570812534299476,100,Source 1,1,[-0.2353804181461533, -3.685630562360406]
Production started,14.570812534299476,100,Ambulance 1,1,[0.0, 0.0]
Ambulance at Patient,14.636162717307919,100,Ambulance 1,1,[0.0, 0.0]
Patient Processed,14.697628885320489,100,Ambulance 1,1,[0.0, 0.0]
Production complete,14.762979068328931,100,Ambulance 1,1,[0.0, 0.0]
Creation,14.74979352800906,101,Source 1,0,[0.3691595664582209, 0.31414498918121403]
Production started,14.74979352800906,101,Ambulance 5,0,[0.0, 0.0]
Ambulance at Patient,14.761181937269718,101,Ambulance 5,0,[0.0, 0.0]
Patient Processed,14.786354250508788,101,Ambulance 5,0,[0.0, 0.0]
Production complete,14.797742659769446,101,Ambulance 5,0,[0.0, 0.0]
Crew Change,14.833333333333332,0,Ambulance 3,3,[0.0, 0.0]
Crew Change,14.833333333333332,0,Ambulance 4,3,[0.0, 0.0]
Crew Change,14.833333333333332,0,Ambulance 5,3,[0.0, 0.0]
Crew Change,14.833333333333332,0,Ambulance 11,3,[7.4983802049147, 4.3301270189222]
Crew Change,14.833333333333332,0,Ambulance 12,3,[7.4983802049147, 4.3301270189222]
Crew Change,14.833333333333332,0,Ambulance 13,3,[7.4983802049147, 4.3301270189222]
Crew Change,14.833333333333332,0,Ambulance 14,3,[7.4983802049147, 4.3301270189222]
Crew Change,14.833333333333332,0,Ambulance 16,3,[7.4983802049147, -4.3301270189222]
Crew Change,14.833333333333332,0,Ambulance 17,3,[7.4983802049147, -4.3301270189222]
Crew Change,14.833333333333332,0,Ambulance 20,3,[7.4983802049147, -4.3301270189222]
Crew Change,14.833333333333332,0,Ambulance 23,3,[0.0, -8.6602540378444]
Crew Change,14.833333333333332,0,Ambulance 24,3,[0.0, -8.6602540378444]
Crew Change,14.833333333333332,0,Ambulance 25,3,[0.0, -8.6602540378444]
Crew Change,14.833333333333332,0,Ambulance 26,3,[-7.4983802049147, -4.3301270189222]
Crew Change,14.833333333333332,0,Ambulance 27,3,[-7.4983802049147, -4.3301270189222]
Crew Change,14.833333333333332,0,Ambulance 29,3,[-7.4983802049147, -4.3301270189222]
Crew Change,14.833333333333332,0,Ambulance 30,3,[-7.4983802049147, -4.3301270189222]
Crew Change,14.833333333333332,0,Ambulance 31,3,[-7.4983802049147, 4.330127018922]
Crew Change,14.833333333333332,0,Ambulance 32,3,[-7.4983802049147, 4.330127018922]
Crew Change,14.833333333333332,0,Ambulance 33,3,[-7.4983802049147, 4.330127018922]
Crew Change,14.833333333333332,0,Ambulance 34,3,[-7.4983802049147, 4.330127018922]
Crew Change,14.833333333333332,0,Ambulance 35,3,[-7.4983802049147, 4.330127018922]
Crew Change,14.833333333333332,0,Ambulance 18,3,[7.4983802049147, -4.3301270189222]
Crew Change,14.833333333333334,0,Ambulance 7,3,[0.0, 8.6602540378444]
Crew Change,14.833333333333334,0,Ambulance 9,3,[0.0, 8.6602540378444]
Crew Change,14.833333333333334,0,Ambulance 28,3,[-7.4983802049147, -4.3301270189222]
Crew Change,14.833333333333334,0,Ambulance 1,3,[0.0, 0.0]
Creation,14.415457907389264,102,Source 1,1,[3.7712095792094305, -10.38422482545113]
Production started,14.415457907389264,102,Ambulance 22,1,[0.0, -8.6602540378444]
Ambulance at Patient,14.5070442468362,102,Ambulance 22,1,[0.0, -8.6602540378444]
Patient Processed,14.610551761285013,102,Ambulance 22,1,[0.0, -8.6602540378444]
Production complete,14.846475668029356,102,Ambulance 22,1,[0.0, 0.0]
Crew Change,14.990813235326764,0,Ambulance 22,3,[0.0, 0.0]
Creation,14.715571433201822,103,Source 1,2,[3.8775750477225754, 9.681605232953158]
Production started,14.715571433201822,103,Ambulance 6,2,[0.0, 8.6602540378444]
Ambulance at Patient,14.797220203915677,103,Ambulance 6,2,[0.0, 8.6602540378444]
Patient Processed,14.864489956632248,103,Ambulance 6,2,[0.0, 8.6602540378444]
Production complete,15.09047629464351,103,Ambulance 6,2,[0.0, 0.0]
Creation,14.815398262442466,104,Source 1,0,[0.6723683173042749, -12.350466290507404]
Production started,14.815398262442466,104,Ambulance 21,0,[0.0, -8.6602540378444]
Ambulance at Patient,14.888107938608588,104,Ambulance 21,0,[0.0, -8.6602540378444]
Patient Processed,14.924995447357201,104,Ambulance 21,0,[0.0, -8.6602540378444]
Production complete,15.142042690820729,104,Ambulance 21,0,[0.0, 0.0]
Crew Change,15.286380258118136,0,Ambulance 21,3,[0.0, 0.0]
Creation,15.075035807961202,105,Source 1,1,[-0.1555868439883149, -0.24387847779602498]
Production started,15.075035807961202,105,Ambulance 3,1,[0.0, 0.0]
Ambulance at Patient,15.081693563324274,105,Ambulance 3,1,[0.0, 0.0]
Patient Processed,15.16080129925086,105,Ambulance 3,1,[0.0, 0.0]
Production complete,15.167459054613932,105,Ambulance 3,1,[0.0, 0.0]
Creation,15.076215480139195,106,Source 1,2,[2.094113336107412, 1.6035083317717613]
Production started,15.076215480139195,106,Ambulance 4,2,[0.0, 0.0]
Ambulance at Patient,15.137842507937181,106,Ambulance 4,2,[0.0, 0.0]
Patient Processed,15.192155053266449,106,Ambulance 4,2,[0.0, 0.0]
Production complete,15.253782081064434,106,Ambulance 4,2,[0.0, 0.0]
Creation,15.21048910522192,107,Source 1,1,[-0.7381977420841774, -1.142374599092916]
Production started,15.21048910522192,107,Ambulance 5,1,[0.0, 0.0]
Ambulance at Patient,15.241831977574872,107,Ambulance 5,1,[0.0, 0.0]
Patient Processed,15.280712262317072,107,Ambulance 5,1,[0.0, 0.0]
Production complete,15.312055134670024,107,Ambulance 5,1,[0.0, 0.0]
Creation,15.268813369390804,108,Source 1,1,[-1.02196827124063, 0.2991353536867518]
Production started,15.268813369390804,108,Ambulance 1,1,[0.0, 0.0]
Ambulance at Patient,15.290831763139593,108,Ambulance 1,1,[0.0, 0.0]
Patient Processed,15.341841352205082,108,Ambulance 1,1,[0.0, 0.0]
Production complete,15.363859745953873,108,Ambulance 1,1,[0.0, 0.0]
Creation,14.882267892490365,109,Source 1,1,[1.245310777833868, -11.024715114400804]
Production started,14.882267892490365,109,Ambulance 2,1,[0.0, 0.0]
Ambulance at Patient,15.08676832402761,109,Ambulance 2,1,[0.0, 0.0]
Patient Processed,15.18793947372245,109,Ambulance 2,1,[0.0, 0.0]
Production complete,15.392439905259694,109,Ambulance 2,1,[0.0, 0.0]
Creation,14.899121322150517,110,Source 1,0,[-5.236909293144872, -7.484438364297883]
Production started,14.899121322150517,110,Ambulance 19,0,[7.4983802049147, -4.3301270189222]
Ambulance at Patient,15.163948002874438,110,Ambulance 19,0,[7.4983802049147, -4.3301270189222]
Patient Processed,15.222502055026458,110,Ambulance 19,0,[7.4983802049147, -4.3301270189222]
Production complete,15.434524515983837,110,Ambulance 19,0,[0.0, 0.0]
Creation,15.243957497606619,111,Source 1,2,[-2.3835930908497707, 6.176379706753341]
Production started,15.243957497606619,111,Ambulance 6,2,[0.0, 8.6602540378444]
Ambulance at Patient,15.325081954638966,111,Ambulance 6,2,[0.0, 8.6602540378444]
Patient Processed,15.358906627349159,111,Ambulance 6,2,[0.0, 8.6602540378444]
Production complete,15.501572840642543,111,Ambulance 6,2,[0.0, 0.0]
Creation,15.242917125881949,112,Source 1,0,[-9.23725210492407, -0.9834809194471688]
Production started,15.242917125881949,112,Ambulance 26,0,[-7.4983802049147, -4.3301270189222]
Ambulance at Patient,15.327675759206688,112,Ambulance 26,0,[-7.4983802049147, -4.3301270189222]
Patient Processed,15.392859197873344,112,Ambulance 26,0,[-7.4983802049147, -4.3301270189222]
Production complete,15.563204748279531,112,Ambulance 26,0,[0.0, 0.0]
Creation,15.283582977472983,113,Source 1,2,[4.041680284779996, 6.0248062299505545]
Production started,15.283582977472983,113,Ambulance 12,2,[7.4983802049147, 4.3301270189222]
Ambulance at Patient,15.369439296325702,113,Ambulance 12,2,[7.4983802049147, 4.3301270189222]
Patient Processed,15.435480646027875,113,Ambulance 12,2,[7.4983802049147, 4.3301270189222]
Production complete,15.603255421273383,113,Ambulance 12,2,[0.0, 0.0]
Creation,15.273369082698984,114,Source 1,0,[2.955593102716916, -10.871349666427966]
Production started,15.273369082698984,114,Ambulance 23,0,[0.0, -8.6602540378444]
Ambulance at Patient,15.359480561553992,114,Ambulance 23,0,[0.0, -8.6602540378444]
Patient Processed,15.389963805727431,114,Ambulance 23,0,[0.0, -8.6602540378444]
Production complete,15.620412851879845,114,Ambulance 23,0,[0.0, 0.0]
Creation,15.450220915080736,115,Source 1,1,[1.790480441087606, -6.386581298238515]
Production started,15.450220915080736,115,Ambulance 24,1,[0.0, -8.6602540378444]
Ambulance at Patient,15.517956801425628,115,Ambulance 24,1,[0.0, -8.6602540378444]
Patient Processed,15.57108447897029,115,Ambulance 24,1,[0.0, -8.6602540378444]
Production complete,15.707368841292393,115,Ambulance 24,1,[0.0, 0.0]
Creation,15.727779192460988,116,Source 1,2,[6.519622364442815, -0.8491104404673437]
Production started,15.727779192460988,116,Ambulance 16,2,[7.4983802049147, -4.3301270189222]
Ambulance at Patient,15.802108766109766,116,Ambulance 16,2,[7.4983802049147, -4.3301270189222]
Patient Processed,15.826517228639135,116,Ambulance 16,2,[7.4983802049147, -4.3301270189222]
Production complete,15.949329442054303,116,Ambulance 16,2,[0.0, 0.0]
Creation,15.701474127882184,117,Source 1,2,[-5.849777324997329, 6.752008748118172]
Production started,15.701474127882184,117,Ambulance 31,2,[-7.4983802049147, 4.330127018922]
Ambulance at Patient,15.769315538034077,117,Ambulance 31,2,[-7.4983802049147, 4.330127018922]
Patient Processed,15.787539384600613,117,Ambulance 31,2,[-7.4983802049147, 4.330127018922]
Production complete,15.997569152485871,117,Ambulance 31,2,[0.0, 0.0]
Creation,15.691302787571876,118,Source 1,2,[8.553466927546177, -3.0638863539153345]
Production started,15.691302787571876,118,Ambulance 19,2,[7.4983802049147, -4.3301270189222]
Ambulance at Patient,15.72999157736585,118,Ambulance 19,2,[7.4983802049147, -4.3301270189222]
Patient Processed,15.805691799811008,118,Ambulance 19,2,[7.4983802049147, -4.3301270189222]
Production complete,15.999314354502033,118,Ambulance 19,2,[0.0, 0.0]
Creation,15.930559622214336,119,Source 1,2,[0.8547589605803074, 1.192141046414073]
Production started,15.930559622214336,119,Ambulance 3,2,[0.0, 0.0]
Ambulance at Patient,15.964674622330909,119,Ambulance 3,2,[0.0, 0.0]
Patient Processed,15.999893722981787,119,Ambulance 3,2,[0.0, 0.0]
Production complete,16.03400872309836,119,Ambulance 3,2,[0.0, 0.0]
Creation,15.95365298886747,120,Source 1,2,[2.692639017534388, 4.644840411411557]
Production started,15.95365298886747,120,Ambulance 12,2,[7.4983802049147, 4.3301270189222]
Ambulance at Patient,16.038993898531963,120,Ambulance 12,2,[7.4983802049147, 4.3301270189222]
Patient Processed,16.070236595520065,120,Ambulance 12,2,[7.4983802049147, 4.3301270189222]
Production complete,16.19252791933583,120,Ambulance 12,2,[0.0, 0.0]
Creation,15.839044413905743,121,Source 1,0,[-11.653725588296178, 4.145155162419544]
Production started,15.839044413905743,121,Ambulance 32,0,[-7.4983802049147, 4.330127018922]
Ambulance at Patient,15.911383034570475,121,Ambulance 32,0,[-7.4983802049147, 4.330127018922]
Patient Processed,15.963592217398276,121,Ambulance 32,0,[-7.4983802049147, 4.330127018922]
Production complete,16.22690689657687,121,Ambulance 32,0,[0.0, 0.0]
Creation,16.199649309697318,122,Source 1,0,[-1.6149363619514376, 2.0419658085968564]
Production started,16.199649309697318,122,Ambulance 4,0,[0.0, 0.0]
Ambulance at Patient,16.260597679206455,122,Ambulance 4,0,[0.0, 0.0]
Patient Processed,16.282694226542333,122,Ambulance 4,0,[0.0, 0.0]
Production complete,16.34364259605147,122,Ambulance 4,0,[0.0, 0.0]
Creation,16.089564001921143,123,Source 1,0,[8.035160420591982, 2.175043004564556]
Production started,16.089564001921143,123,Ambulance 14,0,[7.4983802049147, 4.3301270189222]
Ambulance at Patient,16.13442840575506,123,Ambulance 14,0,[7.4983802049147, 4.3301270189222]
Patient Processed,16.201026209230765,123,Ambulance 14,0,[7.4983802049147, 4.3301270189222]
Production complete,16.37119626631671,123,Ambulance 14,0,[0.0, 0.0]
Creation,16.016002745818337,124,Source 1,2,[5.7700595256326, 8.622637656495355]
Production started,16.016002745818337,124,Ambulance 10,2,[0.0, 8.6602540378444]
Ambulance at Patient,16.11279734426803,124,Ambulance 10,2,[0.0, 8.6602540378444]
Patient Processed,16.181111589872472,124,Ambulance 10,2,[0.0, 8.6602540378444]
Production complete,16.420989876241272,124,Ambulance 10,2,[0.0, 0.0]
Creation,16.389178578987135,125,Source 1,0,[9.53990970371954, 0.6088519053028818]
Production started,16.389178578987135,125,Ambulance 15,0,[7.4983802049147, 4.3301270189222]
Ambulance at Patient,16.485225322527537,125,Ambulance 15,0,[7.4983802049147, 4.3301270189222]
Patient Processed,16.5206871792229,125,Ambulance 15,0,[7.4983802049147, 4.3301270189222]
Production complete,16.68983320603994,125,Ambulance 15,0,[0.0, 0.0]
Creation,16.41247610388564,126,Source 1,1,[4.703457049268282, -6.159448657272762]
Production started,16.41247610388564,126,Ambulance 17,1,[7.4983802049147, -4.3301270189222]
Ambulance at Patient,16.489546850452257,126,Ambulance 17,1,[7.4983802049147, -4.3301270189222]
Patient Processed,16.549911911634368,126,Ambulance 17,1,[7.4983802049147, -4.3301270189222]
Production complete,16.73096034007672,126,Ambulance 17,1,[0.0, 0.0]
Creation,16.518154949579934,127,Source 1,2,[6.188145531052517, 0.13997535825843269]
Production started,16.518154949579934,127,Ambulance 14,2,[5.589642347940414, 3.2278786478530996]
Ambulance at Patient,16.57959505745838,127,Ambulance 14,2,[5.589642347940414, 3.2278786478530996]
Patient Processed,16.64990943527568,127,Ambulance 14,2,[5.589642347940414, 3.2278786478530996]
Production complete,16.755378116764195,127,Ambulance 14,2,[0.0, 0.0]
Creation,16.551813396861608,128,Source 1,2,[-3.5495500830091196, 4.160433625819092]
Production started,16.551813396861608,128,Ambulance 32,2,[-7.4983802049147, 4.330127018922]
Ambulance at Patient,16.620455455445082,128,Ambulance 32,2,[-7.4983802049147, 4.330127018922]
Patient Processed,16.643725115130156,128,Ambulance 32,2,[-7.4983802049147, 4.330127018922]
Production complete,16.772224843610626,128,Ambulance 32,2,[0.0, 0.0]
Creation,16.644939395158232,129,Source 1,1,[3.3069459093623292, -1.2793783970085628]
Production started,16.644939395158232,129,Ambulance 5,1,[0.0, 0.0]
Ambulance at Patient,16.721378133597746,129,Ambulance 5,1,[0.0, 0.0]
Patient Processed,16.745614679737454,129,Ambulance 5,1,[0.0, 0.0]
Production complete,16.822053418176967,129,Ambulance 5,1,[0.0, 0.0]
Creation,16.611869012315132,130,Source 1,1,[7.194950193372164, -4.8216290723301825]
Production started,16.611869012315132,130,Ambulance 20,1,[7.4983802049147, -4.3301270189222]
Ambulance at Patient,16.62511788006431,130,Ambulance 20,1,[7.4983802049147, -4.3301270189222]
Patient Processed,16.642267067128756,130,Ambulance 20,1,[7.4983802049147, -4.3301270189222]
Production complete,16.842543388223795,130,Ambulance 20,1,[0.0, 0.0]
Creation,16.605812822865918,131,Source 1,2,[3.435253435983644, 6.028984263406443]
Production started,16.605812822865918,131,Ambulance 11,2,[7.4983802049147, 4.3301270189222]
Ambulance at Patient,16.70184588975617,131,Ambulance 11,2,[7.4983802049147, 4.3301270189222]
Patient Processed,16.809282340514418,131,Ambulance 11,2,[7.4983802049147, 4.3301270189222]
Production complete,16.967019635504254,131,Ambulance 11,2,[0.0, 0.0]
Creation,16.80571702884385,132,Source 1,0,[-2.41768700302839, 2.394396241047447]
Production started,16.80571702884385,132,Ambulance 32,0,[-1.273890951849251, 0.7356401621442528]
Ambulance at Patient,16.85242623101189,132,Ambulance 32,0,[-1.273890951849251, 0.7356401621442528]
Patient Processed,16.901341921836114,132,Ambulance 32,0,[-1.273890951849251, 0.7356401621442528]
Production complete,16.981543309237377,132,Ambulance 32,0,[0.0, 0.0]
Creation,16.95342228602944,133,Source 1,1,[-3.14070340913368, 1.7477921965427217]
Production started,16.95342228602944,133,Ambulance 1,1,[0.0, 0.0]
Ambulance at Patient,17.034897212790714,133,Ambulance 1,1,[0.0, 0.0]
Patient Processed,17.08621187911859,133,Ambulance 1,1,[0.0, 0.0]
Production complete,17.167686805879864,133,Ambulance 1,1,[0.0, 0.0]
Creation,17.00788382359927,134,Source 1,0,[1.0709980324497215, 5.01139826225984]
Production started,17.00788382359927,134,Ambulance 11,0,[1.5542885334714531, 0.8975627522294013]
Ambulance at Patient,17.08450259045014,134,Ambulance 11,0,[1.5542885334714531, 0.8975627522294013]
Patient Processed,17.105140055048054,134,Ambulance 11,0,[1.5542885334714531, 0.8975627522294013]
Production complete,17.206513326626546,134,Ambulance 11,0,[0.0, 0.0]
Creation,16.984378141974595,135,Source 1,0,[4.589803912816317, 4.58208916716484]
Production started,16.984378141974595,135,Ambulance 13,0,[7.4983802049147, 4.3301270189222]
Ambulance at Patient,17.037053782646947,135,Ambulance 13,0,[7.4983802049147, 4.3301270189222]
Patient Processed,17.064380752194154,135,Ambulance 13,0,[7.4983802049147, 4.3301270189222]
Production complete,17.217245636860508,135,Ambulance 13,0,[0.0, 0.0]
Creation,16.861737260464853,136,Source 1,1,[8.687799054091272, -6.406700579987442]
Production started,16.861737260464853,136,Ambulance 18,1,[7.4983802049147, -4.3301270189222]
Ambulance at Patient,16.916170467302216,136,Ambulance 18,1,[7.4983802049147, -4.3301270189222]
Patient Processed,16.98715572541683,136,Ambulance 18,1,[7.4983802049147, -4.3301270189222]
Production complete,17.23873071931814,136,Ambulance 18,1,[0.0, 0.0]
Creation,17.077005808296377,137,Source 1,0,[-8.74695045197104, -5.116271444082634]
Production started,17.077005808296377,137,Ambulance 26,0,[-7.4983802049147, -4.3301270189222]
Ambulance at Patient,17.11091771949999,137,Ambulance 26,0,[-7.4983802049147, -4.3301270189222]
Patient Processed,17.161006022665408,137,Ambulance 26,0,[-7.4983802049147, -4.3301270189222]
Production complete,17.39205972093297,137,Ambulance 26,0,[0.0, 0.0]
Creation,17.203596114824247,138,Source 1,2,[0.6554870303217908, 4.876930636856307]
Production started,17.203596114824247,138,Ambulance 10,2,[0.0, 8.6602540378444]
Ambulance at Patient,17.277576288679413,138,Ambulance 10,2,[0.0, 8.6602540378444]
Patient Processed,17.32047938211403,138,Ambulance 10,2,[0.0, 8.6602540378444]
Production complete,17.412686343233666,138,Ambulance 10,2,[0.0, 0.0]
Creation,17.043154092951884,139,Source 1,2,[-4.3449602887456775, 6.0258987185039725]
Production started,17.043154092951884,139,Ambulance 31,2,[-7.4983802049147, 4.330127018922]
Ambulance at Patient,17.1239739532144,139,Ambulance 31,2,[-7.4983802049147, 4.330127018922]
Patient Processed,17.261100021114018,139,Ambulance 31,2,[-7.4983802049147, 4.330127018922]
Production complete,17.433947671234847,139,Ambulance 31,2,[0.0, 0.0]
Creation,17.248427150387858,140,Source 1,1,[-2.4346457458702426, -3.597733278465905]
Production started,17.248427150387858,140,Ambulance 27,1,[-7.4983802049147, -4.3301270189222]
Ambulance at Patient,17.345029287046206,140,Ambulance 27,1,[-7.4983802049147, -4.3301270189222]
Patient Processed,17.35482047434427,140,Ambulance 27,1,[-7.4983802049147, -4.3301270189222]
Production complete,17.455360124749873,140,Ambulance 27,1,[0.0, 0.0]
Creation,17.139950809701034,141,Source 1,2,[4.798658603165875, 6.155595909712742]
Production started,17.139950809701034,141,Ambulance 12,2,[7.4983802049147, 4.3301270189222]
Ambulance at Patient,17.215370651243358,141,Ambulance 12,2,[7.4983802049147, 4.3301270189222]
Patient Processed,17.280832803616143,141,Ambulance 12,2,[7.4983802049147, 4.3301270189222]
Production complete,17.46340371216412,141,Ambulance 12,2,[0.0, 0.0]
Creation,17.652010240151885,142,Source 1,1,[1.1176377472237031, -1.4275938364193834]
Production started,17.652010240151885,142,Ambulance 3,1,[0.0, 0.0]
Ambulance at Patient,17.694430766545935,142,Ambulance 3,1,[0.0, 0.0]
Patient Processed,17.699715811656606,142,Ambulance 3,1,[0.0, 0.0]
Production complete,17.742136338050656,142,Ambulance 3,1,[0.0, 0.0]
Creation,17.594423701948383,143,Source 1,0,[-3.227694486296884, 0.9560468608479011]
Production started,17.594423701948383,143,Ambulance 2,0,[0.0, 0.0]
Ambulance at Patient,17.664152724400797,143,Ambulance 2,0,[0.0, 0.0]
Patient Processed,17.70378944361099,143,Ambulance 2,0,[0.0, 0.0]
Production complete,17.773518466063404,143,Ambulance 2,0,[0.0, 0.0]
Creation,17.523247799635833,144,Source 1,2,[-7.577754969920556, -3.7054030556970545]
Production started,17.523247799635833,144,Ambulance 29,2,[-7.4983802049147, -4.3301270189222]
Ambulance at Patient,17.534982778439684,144,Ambulance 29,2,[-7.4983802049147, -4.3301270189222]
Patient Processed,17.637299197524236,144,Ambulance 29,2,[-7.4983802049147, -4.3301270189222]
Production complete,17.82535183128453,144,Ambulance 29,2,[0.0, 0.0]
Creation,17.62182360667243,145,Source 1,0,[-10.280361431556695, 1.0241647920742494]
Production started,17.62182360667243,145,Ambulance 32,0,[-7.4983802049147, 4.330127018922]
Ambulance at Patient,17.72328933089726,145,Ambulance 32,0,[-7.4983802049147, 4.330127018922]
Patient Processed,17.7792127865303,145,Ambulance 32,0,[-7.4983802049147, 4.330127018922]
Production complete,17.96762155692415,145,Ambulance 32,0,[0.0, 0.0]
Creation,17.71176224287771,146,Source 1,1,[-9.121666001942936, 6.598709590312068]
Production started,17.71176224287771,146,Ambulance 33,1,[-7.4983802049147, 4.330127018922]
Ambulance at Patient,17.77662671568468,146,Ambulance 33,1,[-7.4983802049147, 4.330127018922]
Patient Processed,17.81823179055167,146,Ambulance 33,1,[-7.4983802049147, 4.330127018922]
Production complete,18.080238050422587,146,Ambulance 33,1,[0.0, 0.0]
Creation,17.980364533685425,147,Source 1,2,[-1.4427837350572574, -1.2111931503653046]
Production started,17.980364533685425,147,Ambulance 32,2,[-0.48468508945508865, 0.2798935162213451]
Ambulance at Patient,18.02118428888857,147,Ambulance 32,2,[-0.48468508945508865, 0.2798935162213451]
Patient Processed,18.097066897726833,147,Ambulance 32,2,[-0.48468508945508865, 0.2798935162213451]
Production complete,18.14129984581721,147,Ambulance 32,2,[0.0, 0.0]
Creation,17.829968991585634,148,Source 1,2,[7.883256753064288, 8.481831772312738]
Production started,17.829968991585634,148,Ambulance 12,2,[7.4983802049147, 4.3301270189222]
Ambulance at Patient,17.905578679944636,148,Ambulance 12,2,[7.4983802049147, 4.3301270189222]
Patient Processed,17.93087554235469,148,Ambulance 12,2,[7.4983802049147, 4.3301270189222]
Production complete,18.20362701777764,148,Ambulance 12,2,[0.0, 0.0]
Creation,18.236245394510494,149,Source 1,1,[1.0406484977474826, -0.1040183122529368]
Production started,18.236245394510494,149,Ambulance 12,1,[1.2406552362778975, 0.7164473676932394]
Ambulance at Patient,18.25325326815177,149,Ambulance 12,1,[1.2406552362778975, 0.7164473676932394]
Patient Processed,18.283942821570793,149,Ambulance 12,1,[1.2406552362778975, 0.7164473676932394]
Production complete,18.303020601737465,149,Ambulance 12,1,[0.0, 0.0]
Creation,18.06876372841004,150,Source 1,2,[10.263044305534997, -1.8378795958341367]
Production started,18.06876372841004,150,Ambulance 18,2,[7.4983802049147, -4.3301270189222]
Ambulance at Patient,18.156378920471845,150,Ambulance 18,2,[7.4983802049147, -4.3301270189222]
Patient Processed,18.202423632103304,150,Ambulance 18,2,[7.4983802049147, -4.3301270189222]
Production complete,18.404105697126123,150,Ambulance 18,2,[0.0, 0.0]
Creation,18.374145771869713,151,Source 1,1,[2.2197414111388794, 0.5583353069487696]
Production started,18.374145771869713,151,Ambulance 12,1,[2.705279158384832, 1.5622310495500578]
Ambulance at Patient,18.39896966336717,151,Ambulance 12,1,[2.705279158384832, 1.5622310495500578]
Patient Processed,18.41810684555176,151,Ambulance 12,1,[2.705279158384832, 1.5622310495500578]
Production complete,18.46440812418655,151,Ambulance 12,1,[0.0, 0.0]
Creation,18.42554098275333,152,Source 1,2,[0.35876546997698966, -0.8477819600981413]
Production started,18.42554098275333,152,Ambulance 18,2,[0.8153011283274766, -0.4708160093048686]
Ambulance at Patient,18.439432676239058,152,Ambulance 18,2,[0.8153011283274766, -0.4708160093048686]
Patient Processed,18.488220273906002,152,Ambulance 18,2,[0.8153011283274766, -0.4708160093048686]
Production complete,18.50832939774059,152,Ambulance 18,2,[0.0, 0.0]
Creation,18.28353336725374,153,Source 1,2,[0.06011163342147999, -6.10820925229433]
Production started,18.28353336725374,153,Ambulance 24,2,[0.0, -8.6602540378444]
Ambulance at Patient,18.327069307569932,153,Ambulance 24,2,[0.0, -8.6602540378444]
Patient Processed,18.409601588223236,153,Ambulance 24,2,[0.0, -8.6602540378444]
Production complete,18.5124069363185,153,Ambulance 24,2,[0.0, 0.0]
Creation,18.381339664479277,154,Source 1,1,[-2.3074907564114966, -5.794791094613895]
Production started,18.381339664479277,154,Ambulance 23,1,[0.0, -8.6602540378444]
Ambulance at Patient,18.46755555947331,154,Ambulance 23,1,[0.0, -8.6602540378444]
Patient Processed,18.50879805142295,154,Ambulance 23,1,[0.0, -8.6602540378444]
Production complete,18.643836082273374,154,Ambulance 23,1,[0.0, 0.0]
Creation,18.35152534105177,155,Source 1,1,[6.765539680455636, 7.538784576793103]
Production started,18.35152534105177,155,Ambulance 13,1,[7.4983802049147, 4.3301270189222]
Ambulance at Patient,18.417216975757267,155,Ambulance 13,1,[7.4983802049147, 4.3301270189222]
Patient Processed,18.43559459620047,155,Ambulance 13,1,[7.4983802049147, 4.3301270189222]
Production complete,18.67400000048795,155,Ambulance 13,1,[0.0, 0.0]
Creation,18.270890513127277,156,Source 1,1,[3.6615726977150116, 7.0852856448870405]
Production started,18.270890513127277,156,Ambulance 10,1,[0.0, 8.6602540378444]
Ambulance at Patient,18.358166197971816,156,Ambulance 10,1,[0.0, 8.6602540378444]
Patient Processed,18.500045747288787,156,Ambulance 10,1,[0.0, 8.6602540378444]
Production complete,18.67916005299882,156,Ambulance 10,1,[0.0, 0.0]
Creation,18.611219735291957,157,Source 1,1,[-0.04595187000882521, -1.9816527307606964]
Production started,18.611219735291957,157,Ambulance 4,1,[0.0, 0.0]
Ambulance at Patient,18.645013145304784,157,Ambulance 4,1,[0.0, 0.0]
Patient Processed,18.67943752782582,157,Ambulance 4,1,[0.0, 0.0]
Production complete,18.713230937838645,157,Ambulance 4,1,[0.0, 0.0]
Creation,18.688176863925538,158,Source 1,2,[0.04474547434274227, -0.002697363704721545]
Production started,18.688176863925538,158,Ambulance 5,2,[0.0, 0.0]
Ambulance at Patient,18.688967577892996,158,Ambulance 5,2,[0.0, 0.0]
Patient Processed,18.76145625946848,158,Ambulance 5,2,[0.0, 0.0]
Production complete,18.76224697343594,158,Ambulance 5,2,[0.0, 0.0]
Creation,18.51964534068082,159,Source 1,2,[-6.587404101915331, -4.4770106459564]
Production started,18.51964534068082,159,Ambulance 29,2,[-7.4983802049147, -4.3301270189222]
Ambulance at Patient,18.53727633618138,159,Ambulance 29,2,[-7.4983802049147, -4.3301270189222]
Patient Processed,18.58151950196033,159,Ambulance 29,2,[-7.4983802049147, -4.3301270189222]
Production complete,18.765926414424857,159,Ambulance 29,2,[0.0, 0.0]
Crew Change,18.833333333333332,0,Ambulance 6,3,[0.0, 8.6602540378444]
Crew Change,18.833333333333332,0,Ambulance 10,3,[0.0, 8.6602540378444]
Crew Change,18.833333333333332,0,Ambulance 15,3,[7.4983802049147, 4.3301270189222]
Crew Change,18.833333333333332,0,Ambulance 2,3,[0.0, 0.0]
Crew Change,18.833333333333332,0,Ambulance 19,3,[7.4983802049147, -4.3301270189222]
Crew Change,18.833333333333332,0,Ambulance 8,3,[0.0, 8.6602540378444]
Crew Change,18.833333333333332,0,Ambulance 5,3,[0.0, 0.0]
Crew Change,18.833333333333332,0,Ambulance 14,3,[7.4983802049147, 4.3301270189222]
Crew Change,18.833333333333332,0,Ambulance 17,3,[7.4983802049147, -4.3301270189222]
Crew Change,18.833333333333332,0,Ambulance 20,3,[7.4983802049147, -4.3301270189222]
Crew Change,18.833333333333332,0,Ambulance 23,3,[0.0, -8.6602540378444]
Crew Change,18.833333333333332,0,Ambulance 25,3,[0.0, -8.6602540378444]
Crew Change,18.833333333333332,0,Ambulance 26,3,[-7.4983802049147, -4.3301270189222]
Crew Change,18.833333333333332,0,Ambulance 7,3,[0.0, 8.6602540378444]
Crew Change,18.833333333333332,0,Ambulance 1,3,[0.0, 0.0]
Creation,18.68438958824557,160,Source 1,0,[-6.2399625095840365, 5.142834859867084]
Production started,18.68438958824557,160,Ambulance 33,0,[-7.4983802049147, 4.330127018922]
Ambulance at Patient,18.718908347183497,160,Ambulance 33,0,[-7.4983802049147, 4.330127018922]
Patient Processed,18.756799608576163,160,Ambulance 33,0,[-7.4983802049147, 4.330127018922]
Production complete,18.946512898067017,160,Ambulance 33,0,[0.0, 0.0]
Crew Change,19.14365468513096,0,Ambulance 33,3,[0.0, 0.0]
Creation,18.71414978603913,161,Source 1,1,[1.8386799447217852, 6.589187234465761]
Production started,18.71414978603913,161,Ambulance 9,1,[0.0, 8.6602540378444]
Ambulance at Patient,18.7793122318408,161,Ambulance 9,1,[0.0, 8.6602540378444]
Patient Processed,18.83845397853651,161,Ambulance 9,1,[0.0, 8.6602540378444]
Production complete,18.978918431522967,161,Ambulance 9,1,[0.0, 0.0]
Creation,18.812063562113764,162,Source 1,0,[5.00344217726589, 2.282865147151219]
Production started,18.812063562113764,162,Ambulance 13,0,[5.251312230314753, 3.03250146723404]
Ambulance at Patient,18.828688668332624,162,Ambulance 13,0,[5.251312230314753, 3.03250146723404]
Patient Processed,18.88385305360549,162,Ambulance 13,0,[5.251312230314753, 3.03250146723404]
Production complete,19.005291509012437,162,Ambulance 13,0,[0.0, 0.0]
Crew Change,19.202433296076386,0,Ambulance 13,3,[0.0, 0.0]
Creation,18.90251461830096,163,Source 1,2,[-0.20834480975955508, -9.020199704670247]
Production started,18.90251461830096,163,Ambulance 24,2,[0.0, -8.6602540378444]
Ambulance at Patient,18.91198612624405,163,Ambulance 24,2,[0.0, -8.6602540378444]
Patient Processed,18.936909367554417,163,Ambulance 24,2,[0.0, -8.6602540378444]
Production complete,19.090718442794913,163,Ambulance 24,2,[0.0, 0.0]
Creation,18.7712095590475,164,Source 1,2,[-9.278808979338864, 5.912197372658455]
Production started,18.7712095590475,164,Ambulance 34,2,[-7.4983802049147, 4.330127018922]
Ambulance at Patient,18.82725121118351,164,Ambulance 34,2,[-7.4983802049147, 4.330127018922]
Patient Processed,18.86447980717094,164,Ambulance 34,2,[-7.4983802049147, 4.330127018922]
Production complete,19.117663246370896,164,Ambulance 34,2,[0.0, 0.0]
Creation,19.081220588932858,165,Source 1,2,[0.055665254298763026, 1.2858513026682346]
Production started,19.081220588932858,165,Ambulance 1,2,[0.0, 0.0]
Ambulance at Patient,19.10357919821564,165,Ambulance 1,2,[0.0, 0.0]
Patient Processed,19.171318879573516,165,Ambulance 1,2,[0.0, 0.0]
Production complete,19.1936774888563,165,Ambulance 1,2,[0.0, 0.0]
Creation,19.124552716745235,166,Source 1,0,[2.7002767578518077, 4.218029631226344]
Production started,19.124552716745235,166,Ambulance 15,0,[7.4983802049147, 4.3301270189222]
Ambulance at Patient,19.206389397324546,166,Ambulance 15,0,[7.4983802049147, 4.3301270189222]
Patient Processed,19.288311979128203,166,Ambulance 15,0,[7.4983802049147, 4.3301270189222]
Production complete,19.403617085612836,166,Ambulance 15,0,[0.0, 0.0]
Creation,18.998188899356744,167,Source 1,0,[8.414957504982983, 8.57506730966066]
Production started,18.998188899356744,167,Ambulance 11,0,[7.4983802049147, 4.3301270189222]
Ambulance at Patient,19.084214192536855,167,Ambulance 11,0,[7.4983802049147, 4.3301270189222]
Patient Processed,19.133134675611114,167,Ambulance 11,0,[7.4983802049147, 4.3301270189222]
Production complete,19.416301755855173,167,Ambulance 11,0,[0.0, 0.0]
Creation,19.215887028389343,168,Source 1,0,[-6.199899478548465, 1.4039782199843849]
Production started,19.215887028389343,168,Ambulance 34,0,[-3.7359875534661957, 2.157439367640641]
Ambulance at Patient,19.269509912934986,168,Ambulance 34,0,[-3.7359875534661957, 2.157439367640641]
Patient Processed,19.41325097191681,168,Ambulance 34,0,[-3.7359875534661957, 2.157439367640641]
Production complete,19.53998226689236,168,Ambulance 34,0,[0.0, 0.0]
Creation,19.279106217815663,169,Source 1,1,[4.161143045786903, -7.432655841193103]
Production started,19.279106217815663,169,Ambulance 24,1,[0.0, -8.6602540378444]
Ambulance at Patient,19.368918571856298,169,Ambulance 24,1,[0.0, -8.6602540378444]
Patient Processed,19.40345050294327,169,Ambulance 24,1,[0.0, -8.6602540378444]
Production complete,19.596680484392934,169,Ambulance 24,1,[0.0, 0.0]
Creation,19.409318789035844,170,Source 1,0,[0.01658348848592152, 4.2623838670870695]
Production started,19.409318789035844,170,Ambulance 3,0,[0.0, 0.0]
Ambulance at Patient,19.480634911628727,170,Ambulance 3,0,[0.0, 0.0]
Patient Processed,19.527710661647838,170,Ambulance 3,0,[0.0, 0.0]
Production complete,19.59902678424072,170,Ambulance 3,0,[0.0, 0.0]
Creation,19.401618385148172,171,Source 1,1,[-2.0658440438094336, -7.234922479986361]
Production started,19.401618385148172,171,Ambulance 25,1,[0.0, -8.6602540378444]
Ambulance at Patient,19.459804645175964,171,Ambulance 25,1,[0.0, -8.6602540378444]
Patient Processed,19.48218740480496,171,Ambulance 25,1,[0.0, -8.6602540378444]
Production complete,19.637200180201557,171,Ambulance 25,1,[0.0, 0.0]
Creation,19.445254198566786,172,Source 1,0,[-3.4569815606865992, -2.0726718719745643]
Production started,19.445254198566786,172,Ambulance 2,0,[0.0, 0.0]
Ambulance at Patient,19.53741508911114,172,Ambulance 2,0,[0.0, 0.0]
Patient Processed,19.555781297615958,172,Ambulance 2,0,[0.0, 0.0]
Production complete,19.64794218816031,172,Ambulance 2,0,[0.0, 0.0]
Creation,19.320617917367056,173,Source 1,1,[9.659002731354194, -3.631882132417121]
Production started,19.320617917367056,173,Ambulance 18,1,[7.4983802049147, -4.3301270189222]
Ambulance at Patient,19.368265707582797,173,Ambulance 18,1,[7.4983802049147, -4.3301270189222]
Patient Processed,19.471828815118474,173,Ambulance 18,1,[7.4983802049147, -4.3301270189222]
Production complete,19.693343562847996,173,Ambulance 18,1,[0.0, 0.0]
Creation,19.67063853714479,174,Source 1,2,[0.2235101831166487, 0.06162771469456964]
Production started,19.67063853714479,174,Ambulance 5,2,[0.0, 0.0]
Ambulance at Patient,19.675390835441643,174,Ambulance 5,2,[0.0, 0.0]
Patient Processed,19.70833028988438,174,Ambulance 5,2,[0.0, 0.0]
Production complete,19.713082588181233,174,Ambulance 5,2,[0.0, 0.0]
Creation,19.67705323164422,175,Source 1,2,[0.6125992214950076, 0.2137871066913498]
Production started,19.67705323164422,175,Ambulance 1,2,[0.0, 0.0]
Ambulance at Patient,19.690826337113993,175,Ambulance 1,2,[0.0, 0.0]
Patient Processed,19.730507911231225,175,Ambulance 1,2,[0.0, 0.0]
Production complete,19.744281016701,175,Ambulance 1,2,[0.0, 0.0]
Creation,19.596641813467222,176,Source 1,2,[-0.3664897242820078, 3.666279555580796]
Production started,19.596641813467222,176,Ambulance 4,2,[0.0, 0.0]
Ambulance at Patient,19.66385463479827,176,Ambulance 4,2,[0.0, 0.0]
Patient Processed,19.690481948170717,176,Ambulance 4,2,[0.0, 0.0]
Production complete,19.757694769501764,176,Ambulance 4,2,[0.0, 0.0]
Creation,19.420973862043432,177,Source 1,2,[-7.196065673163402, -8.246934706486172]
Production started,19.420973862043432,177,Ambulance 29,2,[-7.4983802049147, -4.3301270189222]
Ambulance at Patient,19.491292565698686,177,Ambulance 29,2,[-7.4983802049147, -4.3301270189222]
Patient Processed,19.504454213438947,177,Ambulance 29,2,[-7.4983802049147, -4.3301270189222]
Production complete,19.76183755309977,177,Ambulance 29,2,[0.0, 0.0]
Creation,19.672083549043712,178,Source 1,0,[0.18394481517092007, -0.1969759547064205]
Production started,19.672083549043712,178,Ambulance 2,0,[0.0, 0.0]
Ambulance at Patient,19.678432228541666,178,Ambulance 2,0,[0.0, 0.0]
Patient Processed,19.78216338316405,178,Ambulance 2,0,[0.0, 0.0]
Production complete,19.788512062662008,178,Ambulance 2,0,[0.0, 0.0]
Creation,19.6314846212038,179,Source 1,0,[-2.183427617798511, 0.9442992332294342]
Production started,19.6314846212038,179,Ambulance 34,0,[-3.480334902561521, 2.0098063561249284]
Ambulance at Patient,19.670858194664774,179,Ambulance 34,0,[-3.480334902561521, 2.0098063561249284]
Patient Processed,19.746196748648572,179,Ambulance 34,0,[-3.480334902561521, 2.0098063561249284]
Production complete,19.79832552949904,179,Ambulance 34,0,[0.0, 0.0]
Creation,19.364497882716144,180,Source 1,1,[11.005868318841594, 6.012127225883155]
Production started,19.364497882716144,180,Ambulance 14,1,[7.4983802049147, 4.3301270189222]
Ambulance at Patient,19.45098935473094,180,Ambulance 14,1,[7.4983802049147, 4.3301270189222]
Patient Processed,19.56058885754102,180,Ambulance 14,1,[7.4983802049147, 4.3301270189222]
Production complete,19.84422211661977,180,Ambulance 14,1,[0.0, 0.0]
Creation,19.64624183495255,181,Source 1,0,[3.813933610575618, -4.837022500629169]
Production started,19.64624183495255,181,Ambulance 20,0,[7.4983802049147, -4.3301270189222]
Ambulance at Patient,19.716097536219987,181,Ambulance 20,0,[7.4983802049147, -4.3301270189222]
Patient Processed,19.82068768671363,181,Ambulance 20,0,[7.4983802049147, -4.3301270189222]
Production complete,19.96487028856704,181,Ambulance 20,0,[0.0, 0.0]
Creation,19.85966962905978,182,Source 1,2,[-5.718021768784266, -0.6515778226932616]
Production started,19.85966962905978,182,Ambulance 29,2,[-3.721088830072816, -2.1488357275277954]
Ambulance at Patient,19.91790614311888,182,Ambulance 29,2,[-3.721088830072816, -2.1488357275277954]
Patient Processed,19.954544397657653,182,Ambulance 29,2,[-3.721088830072816, -2.1488357275277954]
Production complete,20.060704390848947,182,Ambulance 29,2,[0.0, 0.0]
Creation,19.97708802329449,183,Source 1,2,[8.282513350711586, 2.2035266998567598]
Production started,19.97708802329449,183,Ambulance 11,2,[7.4983802049147, 4.3301270189222]
Ambulance at Patient,20.025600247708862,183,Ambulance 11,2,[7.4983802049147, 4.3301270189222]
Patient Processed,20.046304779511413,183,Ambulance 11,2,[7.4983802049147, 4.3301270189222]
Production complete,20.22107211368755,183,Ambulance 11,2,[0.0, 0.0]
Creation,20.101590031130893,184,Source 1,2,[-7.985114103631312, -6.41723541704399]
Production started,20.101590031130893,184,Ambulance 27,2,[-7.4983802049147, -4.3301270189222]
Ambulance at Patient,20.14448740274487,184,Ambulance 27,2,[-7.4983802049147, -4.3301270189222]
Patient Processed,20.176813306047734,184,Ambulance 27,2,[-7.4983802049147, -4.3301270189222]
Production complete,20.416852464725658,184,Ambulance 27,2,[0.0, 0.0]
Creation,20.23384699502364,185,Source 1,0,[6.844292658316704, 5.561237813915616]
Production started,20.23384699502364,185,Ambulance 15,0,[7.4983802049147, 4.3301270189222]
Ambulance at Patient,20.265266967383496,185,Ambulance 15,0,[7.4983802049147, 4.3301270189222]
Patient Processed,20.347899177582253,185,Ambulance 15,0,[7.4983802049147, 4.3301270189222]
Production complete,20.554658018786128,185,Ambulance 15,0,[0.0, 0.0]
Creation,20.413644701111444,186,Source 1,0,[1.0251089998019896, -1.2193419725969976]
Production started,20.413644701111444,186,Ambulance 1,0,[0.0, 0.0]
Ambulance at Patient,20.451052217318093,186,Ambulance 1,0,[0.0, 0.0]
Patient Processed,20.52432561783451,186,Ambulance 1,0,[0.0, 0.0]
Production complete,20.56173313404116,186,Ambulance 1,0,[0.0, 0.0]
Creation,20.239259912863535,187,Source 1,0,[11.049895711681767, 5.8022374009090125]
Production started,20.239259912863535,187,Ambulance 12,0,[7.4983802049147, 4.3301270189222]
Ambulance at Patient,20.32298701100943,187,Ambulance 12,0,[7.4983802049147, 4.3301270189222]
Patient Processed,20.364350738520027,187,Ambulance 12,0,[7.4983802049147, 4.3301270189222]
Production complete,20.645219623729876,187,Ambulance 12,0,[0.0, 0.0]
Creation,20.522862278902863,188,Source 1,1,[-4.592998007594098, -3.8332435521189034]
Production started,20.522862278902863,188,Ambulance 27,1,[-4.032132933314631, -2.328455917317722]
Ambulance at Patient,20.55728982405421,188,Ambulance 27,1,[-4.032132933314631, -2.328455917317722]
Patient Processed,20.64787439869952,188,Ambulance 27,1,[-4.032132933314631, -2.328455917317722]
Production complete,20.78831175802807,188,Ambulance 27,1,[0.0, 0.0]
Creation,20.59968507831405,189,Source 1,1,[-1.0590803058315443, -5.912955300681339]
Production started,20.59968507831405,189,Ambulance 25,1,[0.0, -8.6602540378444]
Ambulance at Patient,20.663124729030628,189,Ambulance 25,1,[0.0, -8.6602540378444]
Patient Processed,20.689002130951728,189,Ambulance 25,1,[0.0, -8.6602540378444]
Production complete,20.80520272439361,189,Ambulance 25,1,[0.0, 0.0]
Creation,20.64372293682691,190,Source 1,0,[-5.618854488466771, 3.8498265406856076]
Production started,20.64372293682691,190,Ambulance 34,0,[-7.4983802049147, 4.330127018922]
Ambulance at Patient,20.683053373404984,190,Ambulance 34,0,[-7.4983802049147, 4.330127018922]
Patient Processed,20.69825077724592,190,Ambulance 34,0,[-7.4983802049147, 4.330127018922]
Production complete,20.856062127731793,190,Ambulance 34,0,[0.0, 0.0]
Creation,20.77105146857924,191,Source 1,1,[1.7599608162609728, 0.16593491531578392]
Production started,20.77105146857924,191,Ambulance 3,1,[0.0, 0.0]
Ambulance at Patient,20.803149730772187,191,Ambulance 3,1,[0.0, 0.0]
Patient Processed,20.86977375523013,191,Ambulance 3,1,[0.0, 0.0]
Production complete,20.901872017423077,191,Ambulance 3,1,[0.0, 0.0]
Creation,20.85956401226098,192,Source 1,1,[0.071099452558292, -0.023111065666877744]
Production started,20.85956401226098,192,Ambulance 5,1,[0.0, 0.0]
Ambulance at Patient,20.86113418756473,192,Ambulance 5,1,[0.0, 0.0]
Patient Processed,20.908521813850676,192,Ambulance 5,1,[0.0, 0.0]
Production complete,20.910091989154427,192,Ambulance 5,1,[0.0, 0.0]
Creation,20.70492927672659,193,Source 1,1,[-6.975457940551826, -5.96058452556431]
Production started,20.70492927672659,193,Ambulance 29,1,[-7.4983802049147, -4.3301270189222]
Ambulance at Patient,20.74081893957667,193,Ambulance 29,1,[-7.4983802049147, -4.3301270189222]
Patient Processed,20.78899045684496,193,Ambulance 29,1,[-7.4983802049147, -4.3301270189222]
Production complete,21.00459116461356,193,Ambulance 29,1,[0.0, 0.0]
Creation,20.844599051296726,194,Source 1,2,[4.394635138856528, 0.7555764128295805]
Production started,20.844599051296726,194,Ambulance 2,2,[0.0, 0.0]
Ambulance at Patient,20.930435910491493,194,Ambulance 2,2,[0.0, 0.0]
Patient Processed,20.95345757235113,194,Ambulance 2,2,[0.0, 0.0]
Production complete,21.039294431545898,194,Ambulance 2,2,[0.0, 0.0]
Creation,20.982226631135134,195,Source 1,0,[0.535133431696452, 1.6262906898039615]
Production started,20.982226631135134,195,Ambulance 1,0,[0.0, 0.0]
Ambulance at Patient,21.018250366493476,195,Ambulance 1,0,[0.0, 0.0]
Patient Processed,21.04516780906017,195,Ambulance 1,0,[0.0, 0.0]
Production complete,21.081191544418513,195,Ambulance 1,0,[0.0, 0.0]
Creation,21.53813274273582,196,Source 1,0,[3.4569473086238958, -0.5355433401072474]
Production started,21.53813274273582,196,Ambulance 4,0,[0.0, 0.0]
Ambulance at Patient,21.604674253548005,196,Ambulance 4,0,[0.0, 0.0]
Patient Processed,21.64358483384943,196,Ambulance 4,0,[0.0, 0.0]
Production complete,21.710126344661617,196,Ambulance 4,0,[0.0, 0.0]
Creation,22.266924063319248,197,Source 1,1,[-0.036222582444657876, 0.37923191145171326]
Production started,22.266924063319248,197,Ambulance 1,1,[0.0, 0.0]
Ambulance at Patient,22.273848304884186,197,Ambulance 1,1,[0.0, 0.0]
Patient Processed,22.288899568425666,197,Ambulance 1,1,[0.0, 0.0]
Production complete,22.29582380999061,197,Ambulance 1,1,[0.0, 0.0]
Creation,22.00669488737249,198,Source 1,2,[-0.36556880449591045, 12.135179165032648]
Production started,22.00669488737249,198,Ambulance 9,2,[0.0, 8.6602540378444]
Ambulance at Patient,22.070703119567227,198,Ambulance 9,2,[0.0, 8.6602540378444]
Patient Processed,22.090338427635082,198,Ambulance 9,2,[0.0, 8.6602540378444]
Production complete,22.29868422712722,198,Ambulance 9,2,[0.0, 0.0]
Creation,22.139343567878342,199,Source 1,0,[-1.8470853367032365, -2.1875629383260535]
Production started,22.139343567878342,199,Ambulance 2,0,[0.0, 0.0]
Ambulance at Patient,22.206587705795496,199,Ambulance 2,0,[0.0, 0.0]
Patient Processed,22.250017119603235,199,Ambulance 2,0,[0.0, 0.0]
Production complete,22.31726125752039,199,Ambulance 2,0,[0.0, 0.0]
Creation,22.268558268879904,200,Source 1,0,[1.059250129851074, -0.42025960676759416]
Production started,22.268558268879904,200,Ambulance 3,0,[0.0, 0.0]
Ambulance at Patient,22.293216764490214,200,Ambulance 3,0,[0.0, 0.0]
Patient Processed,22.355642391964302,200,Ambulance 3,0,[0.0, 0.0]
Production complete,22.380300887574613,200,Ambulance 3,0,[0.0, 0.0]
Creation,22.058756991477473,201,Source 1,0,[-9.14422670347041, 3.701369161347259]
Production started,22.058756991477473,201,Ambulance 34,0,[-7.4983802049147, 4.330127018922]
Ambulance at Patient,22.096667064079647,201,Ambulance 34,0,[-7.4983802049147, 4.330127018922]
Patient Processed,22.170424476789826,201,Ambulance 34,0,[-7.4983802049147, 4.330127018922]
Production complete,22.384517741203453,201,Ambulance 34,0,[0.0, 0.0]
Creation,22.601673389709845,202,Source 1,1,[0.22587978747230272, 0.5688362318653782]
Production started,22.601673389709845,202,Ambulance 1,1,[0.0, 0.0]
Ambulance at Patient,22.614918656698805,202,Ambulance 1,1,[0.0, 0.0]
Patient Processed,22.646670696191947,202,Ambulance 1,1,[0.0, 0.0]
Production complete,22.659915963180907,202,Ambulance 1,1,[0.0, 0.0]
Creation,22.477239877912666,203,Source 1,0,[-0.22777397093264581, -3.8770193704178557]
Production started,22.477239877912666,203,Ambulance 5,0,[0.0, 0.0]
Ambulance at Patient,22.545653100268506,203,Ambulance 5,0,[0.0, 0.0]
Patient Processed,22.599276849993423,203,Ambulance 5,0,[0.0, 0.0]
Production complete,22.667690072349266,203,Ambulance 5,0,[0.0, 0.0]
Creation,22.472918315306345,204,Source 1,2,[-1.6727131047234647, -5.973891899602772]
Production started,22.472918315306345,204,Ambulance 25,2,[0.0, -8.6602540378444]
Ambulance at Patient,22.545569569355763,204,Ambulance 25,2,[0.0, -8.6602540378444]
Patient Processed,22.63830417321126,204,Ambulance 25,2,[0.0, -8.6602540378444]
Production complete,22.765747589950028,204,Ambulance 25,2,[0.0, 0.0]
Creation,22.55182700142752,205,Source 1,0,[1.0862916685688726, -3.9815582231110644]
Production started,22.55182700142752,205,Ambulance 2,0,[0.0, 0.0]
Ambulance at Patient,22.636291166288853,205,Ambulance 2,0,[0.0, 0.0]
Patient Processed,22.698396264441694,205,Ambulance 2,0,[0.0, 0.0]
Production complete,22.782860429303028,205,Ambulance 2,0,[0.0, 0.0]
Creation,22.634678741507138,206,Source 1,0,[-0.9314705283984959, 1.4023613790359417]
Production started,22.634678741507138,206,Ambulance 4,0,[0.0, 0.0]
Ambulance at Patient,22.67357593996438,206,Ambulance 4,0,[0.0, 0.0]
Patient Processed,22.753471186431117,206,Ambulance 4,0,[0.0, 0.0]
Production complete,22.79236838488836,206,Ambulance 4,0,[0.0, 0.0]
Crew Change,22.833333333333332,0,Ambulance 3,3,[0.0, 0.0]
Crew Change,22.833333333333332,0,Ambulance 4,3,[0.0, 0.0]
Crew Change,22.833333333333332,0,Ambulance 11,3,[7.4983802049147, 4.3301270189222]
Crew Change,22.833333333333332,0,Ambulance 12,3,[7.4983802049147, 4.3301270189222]
Crew Change,22.833333333333332,0,Ambulance 16,3,[7.4983802049147, -4.3301270189222]
Crew Change,22.833333333333332,0,Ambulance 27,3,[-7.4983802049147, -4.3301270189222]
Crew Change,22.833333333333332,0,Ambulance 29,3,[-7.4983802049147, -4.3301270189222]
Crew Change,22.833333333333332,0,Ambulance 30,3,[-7.4983802049147, -4.3301270189222]
Crew Change,22.833333333333332,0,Ambulance 31,3,[-7.4983802049147, 4.330127018922]
Crew Change,22.833333333333332,0,Ambulance 32,3,[-7.4983802049147, 4.330127018922]
Crew Change,22.833333333333332,0,Ambulance 34,3,[-7.4983802049147, 4.330127018922]
Crew Change,22.833333333333332,0,Ambulance 35,3,[-7.4983802049147, 4.330127018922]
Crew Change,22.833333333333332,0,Ambulance 18,3,[7.4983802049147, -4.3301270189222]
Crew Change,22.833333333333332,0,Ambulance 9,3,[0.0, 8.6602540378444]
Crew Change,22.833333333333332,0,Ambulance 28,3,[-7.4983802049147, -4.3301270189222]
Crew Change,22.833333333333332,0,Ambulance 22,3,[0.0, -8.6602540378444]
Crew Change,22.833333333333332,0,Ambulance 21,3,[0.0, -8.6602540378444]
Crew Change,22.833333333333332,0,Ambulance 6,3,[0.0, 8.6602540378444]
Crew Change,22.833333333333332,0,Ambulance 10,3,[0.0, 8.6602540378444]
Crew Change,22.833333333333332,0,Ambulance 15,3,[7.4983802049147, 4.3301270189222]
Crew Change,22.833333333333332,0,Ambulance 2,3,[0.0, 0.0]
Crew Change,22.833333333333332,0,Ambulance 19,3,[7.4983802049147, -4.3301270189222]
Crew Change,22.833333333333332,0,Ambulance 8,3,[0.0, 8.6602540378444]
Crew Change,22.833333333333332,0,Ambulance 5,3,[0.0, 0.0]
Crew Change,22.833333333333332,0,Ambulance 14,3,[7.4983802049147, 4.3301270189222]
Crew Change,22.833333333333332,0,Ambulance 17,3,[7.4983802049147, -4.3301270189222]
Crew Change,22.833333333333332,0,Ambulance 20,3,[7.4983802049147, -4.3301270189222]
Crew Change,22.833333333333332,0,Ambulance 23,3,[0.0, -8.6602540378444]
Crew Change,22.910085157247433,0,Ambulance 25,3,[0.0, -4.0551446029982685]
Crew Change,22.833333333333332,0,Ambulance 26,3,[-7.4983802049147, -4.3301270189222]
Crew Change,22.833333333333332,0,Ambulance 7,3,[0.0, 8.6602540378444]
Crew Change,22.833333333333332,0,Ambulance 1,3,[0.0, 0.0]
Crew Change,22.833333333333332,0,Ambulance 33,3,[-7.4983802049147, 4.330127018922]
Crew Change,22.833333333333332,0,Ambulance 13,3,[7.4983802049147, 4.3301270189222]
Creation,22.678087409438504,207,Source 1,1,[0.7379920813447772, -9.323237876357824]
Production started,22.678087409438504,207,Ambulance 24,1,[0.0, -8.6602540378444]
Ambulance at Patient,22.701437008102808,207,Ambulance 24,1,[0.0, -8.6602540378444]
Patient Processed,22.71873105817374,207,Ambulance 24,1,[0.0, -8.6602540378444]
Production complete,22.88641822413545,207,Ambulance 24,1,[0.0, 0.0]
Crew Change,23.030755791432856,0,Ambulance 24,3,[0.0, 0.0]
Creation,22.94380569016087,208,Source 1,1,[0.8590877680050545, -2.0441393538421915]
Production started,23.0,208,Ambulance 3,1,[0.0, 0.0]
Ambulance at Patient,23.048387118697455,208,Ambulance 3,1,[0.0, 0.0]
Patient Processed,23.07957013403686,208,Ambulance 3,1,[0.0, 0.0]
Production complete,23.127957252734316,208,Ambulance 3,1,[0.0, 0.0]
Creation,22.997504013921123,209,Source 1,2,[-5.0367032215308525, 0.6506617145890009]
Production started,23.0,209,Ambulance 4,2,[0.0, 0.0]
Ambulance at Patient,23.094789415601998,209,Ambulance 4,2,[0.0, 0.0]
Patient Processed,23.127790133634758,209,Ambulance 4,2,[0.0, 0.0]
Production complete,23.222579549236755,209,Ambulance 4,2,[0.0, 0.0]
Creation,23.13874342804941,210,Source 1,1,[1.310744223512526, -2.171338304902963]
Production started,23.13874342804941,210,Ambulance 2,1,[0.0, 0.0]
Ambulance at Patient,23.196778136856334,210,Ambulance 2,1,[0.0, 0.0]
Patient Processed,23.25111302166001,210,Ambulance 2,1,[0.0, 0.0]
Production complete,23.309147730466936,210,Ambulance 2,1,[0.0, 0.0]
Creation,23.192315465360736,211,Source 1,1,[2.4257435648112327, 4.296263689666951]
Production started,23.192315465360736,211,Ambulance 11,1,[7.4983802049147, 4.3301270189222]
Ambulance at Patient,23.27742379818338,211,Ambulance 11,1,[7.4983802049147, 4.3301270189222]
Patient Processed,23.33607137962395,211,Ambulance 11,1,[7.4983802049147, 4.3301270189222]
Production complete,23.44810483386525,211,Ambulance 11,1,[0.0, 0.0]
Creation,23.33501512311907,212,Source 1,1,[3.685718843875739, -2.6451962654242354]
Production started,23.33501512311907,212,Ambulance 18,1,[7.4983802049147, -4.3301270189222]
Ambulance at Patient,23.42664165836135,212,Ambulance 18,1,[7.4983802049147, -4.3301270189222]
Patient Processed,23.442438814509195,212,Ambulance 18,1,[7.4983802049147, -4.3301270189222]
Production complete,23.547954066330863,212,Ambulance 18,1,[0.0, 0.0]
Creation,23.319037660274066,213,Source 1,0,[2.386094970402859, 8.598087389134973]
Production started,23.319037660274066,213,Ambulance 9,0,[0.0, 8.6602540378444]
Ambulance at Patient,23.359842020592605,213,Ambulance 9,0,[0.0, 8.6602540378444]
Patient Processed,23.4046482912872,213,Ambulance 9,0,[0.0, 8.6602540378444]
Production complete,23.587717997279498,213,Ambulance 9,0,[0.0, 0.0]
Creation,23.267135569697523,214,Source 1,0,[12.375730791247255, -4.174768730934204]
Production started,23.267135569697523,214,Ambulance 16,0,[7.4983802049147, -4.3301270189222]
Ambulance at Patient,23.351014050936197,214,Ambulance 16,0,[7.4983802049147, -4.3301270189222]
Patient Processed,23.363785351876814,214,Ambulance 16,0,[7.4983802049147, -4.3301270189222]
Production complete,23.63962701057984,214,Ambulance 16,0,[0.0, 0.0]
Creation,23.650714374336765,215,Source 1,1,[4.2600689496613, -2.664316194177146]
Production started,23.650714374336765,215,Ambulance 18,1,[3.9085364441403074, -2.2570820362137898]
Ambulance at Patient,23.663360485394836,215,Ambulance 18,1,[3.9085364441403074, -2.2570820362137898]
Patient Processed,23.73575106151586,215,Ambulance 18,1,[3.9085364441403074, -2.2570820362137898]
Production complete,23.851157480579836,215,Ambulance 18,1,[0.0, 0.0]
